agent_id,month,n_calls,fcr_label_rate,durable_rate,goodhart_gap,DAR_raw,DAR,DRL_raw,DRL,DOV,POR_raw,POR,SII,SII_gated
AGT_0001,1,333,0.8829,0.4895,0.3934,0.3776,0.7551,0.1171,0.169,0.9384,0.0,0.0,50.34,100.0
AGT_0001,2,302,0.8675,0.3974,0.4702,0.4122,0.8244,0.1453,0.2096,0.9798,0.1664,0.0,54.47,100.0
AGT_0001,3,343,0.8776,0.4227,0.4548,0.4286,0.8571,0.1239,0.1788,0.9542,0.3939,0.0,54.04,100.0
AGT_0001,4,369,0.8753,0.4146,0.4607,0.418,0.8359,0.1407,0.203,0.9798,0.2729,0.0,54.65,100.0
AGT_0001,5,340,0.9,0.4,0.5,0.4673,0.9346,0.1412,0.2037,0.9184,0.0,0.0,56.09,100.0
AGT_0001,6,344,0.9186,0.3721,0.5465,0.5095,1.0,0.1877,0.2708,0.9647,0.0,0.0,60.89,100.0
AGT_0001,7,359,0.9053,0.3733,0.532,0.4523,0.9046,0.1397,0.2016,0.9846,0.0,0.0,56.79,100.0
AGT_0001,8,359,0.8969,0.4095,0.4875,0.4348,0.8696,0.1587,0.2291,0.9968,0.0,0.0,56.73,100.0
AGT_0001,9,351,0.9003,0.4302,0.4701,0.443,0.8861,0.11,0.1587,0.9795,0.1616,0.0,55.04,100.0
AGT_0001,10,364,0.8736,0.3434,0.5302,0.5063,1.0,0.1681,0.2426,0.9171,0.3072,0.0,58.99,100.0
AGT_0001,11,289,0.8927,0.3841,0.5087,0.4109,0.8217,0.1133,0.1636,0.9504,0.4697,0.0,52.5,100.0
AGT_0001,12,283,0.8975,0.3392,0.5583,0.5039,1.0,0.1368,0.1974,0.9209,0.0,0.0,57.96,100.0
AGT_0002,1,318,0.8931,0.4182,0.4748,0.4049,0.8099,0.1556,0.2245,0.9487,0.0,0.0,53.63,100.0
AGT_0002,2,298,0.8658,0.4027,0.4631,0.4419,0.8837,0.1442,0.2081,0.89,1.7558,0.1889,57.74,100.0
AGT_0002,3,334,0.9102,0.4551,0.4551,0.3849,0.7697,0.113,0.163,0.9846,0.8474,0.0,51.78,100.0
AGT_0002,4,311,0.8939,0.4148,0.4791,0.3993,0.7986,0.0983,0.1419,0.9599,0.4042,0.0,51.5,100.0
AGT_0002,5,367,0.861,0.4005,0.4605,0.4019,0.8038,0.1689,0.2437,0.9203,2.3063,0.3266,59.75,100.0
AGT_0002,6,313,0.8818,0.4313,0.4505,0.3841,0.7681,0.1629,0.2351,0.9767,0.6746,0.0,53.34,100.0
AGT_0002,7,361,0.8864,0.3906,0.4958,0.3875,0.775,0.1195,0.1725,0.9802,0.0,0.0,52.07,100.0
AGT_0002,8,327,0.8807,0.4006,0.4801,0.4444,0.8889,0.1471,0.2122,0.9488,0.0,0.0,55.69,100.0
AGT_0002,9,338,0.9112,0.4024,0.5089,0.4091,0.8182,0.1222,0.1763,0.9983,5.0,1.0,73.91,100.0
AGT_0002,10,349,0.8968,0.3696,0.5272,0.4345,0.869,0.1509,0.2178,0.9277,0.4397,0.0,54.71,100.0
AGT_0002,11,303,0.868,0.3993,0.4686,0.4335,0.8669,0.1203,0.1736,0.9771,0.0,0.0,54.78,100.0
AGT_0002,12,273,0.8901,0.3187,0.5714,0.5309,1.0,0.1949,0.2813,0.9842,0.0,0.0,61.64,100.0
AGT_0003,1,358,0.8827,0.4497,0.433,0.4019,0.8038,0.0744,0.1074,0.978,0.0,0.0,51.25,100.0
AGT_0003,2,276,0.9058,0.4239,0.4819,0.392,0.784,0.0847,0.1222,0.8869,0.0,0.0,48.75,100.0
AGT_0003,3,383,0.9034,0.4125,0.4909,0.4538,0.9075,0.1377,0.1986,0.9037,0.2111,0.0,54.78,100.0
AGT_0003,4,361,0.8864,0.374,0.5125,0.4,0.8,0.1347,0.1943,0.9114,0.4399,0.0,51.64,100.0
AGT_0003,5,327,0.8807,0.4006,0.4801,0.4375,0.875,0.118,0.1703,0.9428,0.0,0.0,54.08,100.0
AGT_0003,6,348,0.8966,0.3966,0.5,0.4744,0.9487,0.207,0.2987,0.9721,0.0,0.0,60.23,100.0
AGT_0003,7,385,0.8831,0.4052,0.4779,0.4382,0.8765,0.1558,0.2248,0.9024,0.0,0.0,54.47,100.0
AGT_0003,8,328,0.8811,0.4146,0.4665,0.3875,0.7751,0.1325,0.1912,0.9963,0.0,0.0,52.94,100.0
AGT_0003,9,361,0.8726,0.3934,0.4792,0.4317,0.8635,0.1481,0.2137,0.9633,0.4004,0.0,55.33,100.0
AGT_0003,10,348,0.8908,0.3305,0.5603,0.4581,0.9161,0.1437,0.2073,0.9432,0.0,0.0,56.25,100.0
AGT_0003,11,286,0.8322,0.3392,0.493,0.5,1.0,0.2376,0.3429,0.9937,0.0,0.0,63.41,100.0
AGT_0003,12,299,0.8796,0.3177,0.5619,0.4639,0.9278,0.1415,0.2042,0.8859,0.0,0.0,55.09,100.0
AGT_0004,1,351,0.8575,0.4587,0.3989,0.4319,0.8638,0.1576,0.2274,0.9224,0.0,0.0,54.66,100.0
AGT_0004,2,315,0.8952,0.4413,0.454,0.3901,0.7801,0.1175,0.1696,0.892,0.0,0.0,49.94,100.0
AGT_0004,3,354,0.8927,0.3983,0.4944,0.4272,0.8544,0.152,0.2193,0.8725,0.0601,0.0,52.93,100.0
AGT_0004,4,359,0.9136,0.4345,0.4791,0.3841,0.7683,0.0979,0.1413,0.9877,0.5794,0.0,51.27,100.0
AGT_0004,5,348,0.8908,0.3879,0.5029,0.4387,0.8774,0.0948,0.1368,0.9943,0.4901,0.0,54.6,100.0
AGT_0004,6,352,0.9034,0.4432,0.4602,0.4245,0.8491,0.1095,0.158,0.8887,0.2281,0.0,51.64,100.0
AGT_0004,7,328,0.9055,0.4146,0.4909,0.3973,0.7946,0.121,0.1747,0.9717,0.0,0.0,52.5,100.0
AGT_0004,8,374,0.8957,0.3529,0.5428,0.4627,0.9254,0.1457,0.2102,0.9837,0.1583,0.0,57.61,100.0
AGT_0004,9,358,0.919,0.4106,0.5084,0.4195,0.8389,0.1301,0.1877,0.9052,0.4035,0.0,52.49,100.0
AGT_0004,10,396,0.9015,0.3409,0.5606,0.4482,0.8964,0.1185,0.171,0.9853,0.2508,0.0,55.8,100.0
AGT_0004,11,317,0.8896,0.3312,0.5584,0.4787,0.9574,0.1474,0.2128,0.9603,1.2321,0.058,59.21,100.0
AGT_0004,12,304,0.9046,0.3849,0.5197,0.4436,0.8873,0.1545,0.223,0.9957,0.2799,0.0,57.09,100.0
AGT_0005,1,356,0.8933,0.4017,0.4916,0.4214,0.8428,0.129,0.1862,0.9322,0.0,0.0,53.24,100.0
AGT_0005,2,319,0.8558,0.4201,0.4357,0.4432,0.8864,0.1651,0.2383,0.8851,0.0,0.0,54.68,100.0
AGT_0005,3,329,0.8754,0.459,0.4164,0.3785,0.7569,0.1044,0.1507,0.9624,0.5033,0.0,50.54,100.0
AGT_0005,4,340,0.8941,0.4088,0.4853,0.3882,0.7763,0.1111,0.1604,0.9408,0.0,0.0,50.82,100.0
AGT_0005,5,335,0.8746,0.4239,0.4507,0.4471,0.8942,0.1391,0.2007,0.9551,0.0,0.0,55.72,100.0
AGT_0005,6,336,0.8958,0.3393,0.5565,0.402,0.804,0.1187,0.1713,0.8877,0.0,0.0,50.59,100.0
AGT_0005,7,349,0.8911,0.3983,0.4928,0.4695,0.9389,0.1693,0.2443,0.9818,0.0,0.0,58.82,100.0
AGT_0005,8,336,0.878,0.4167,0.4613,0.4169,0.8339,0.1689,0.2437,0.9776,0.0,0.0,55.55,100.0
AGT_0005,9,365,0.9068,0.3452,0.5616,0.4471,0.8943,0.1488,0.2148,0.9836,0.0,0.0,56.79,100.0
AGT_0005,10,348,0.908,0.3764,0.5316,0.4367,0.8734,0.1721,0.2483,0.953,0.0383,0.0,56.23,100.0
AGT_0005,11,316,0.8829,0.3038,0.5791,0.5269,1.0,0.1855,0.2677,0.9703,0.346,0.0,60.95,100.0
AGT_0005,12,295,0.9085,0.3932,0.5153,0.4291,0.8582,0.0851,0.1228,0.9564,0.2859,0.0,52.73,100.0
AGT_0006,1,326,0.8926,0.4509,0.4417,0.3883,0.7766,0.1429,0.2061,0.9825,0.0,0.0,53.02,100.0
AGT_0006,2,331,0.8731,0.4532,0.4199,0.4498,0.8997,0.12,0.1731,0.9598,0.0,0.0,55.31,100.0
AGT_0006,3,322,0.8789,0.413,0.4658,0.4276,0.8551,0.1102,0.159,0.9807,0.0,0.0,54.15,100.0
AGT_0006,4,325,0.8985,0.4123,0.4862,0.4418,0.8836,0.1769,0.2553,0.9859,0.0,0.0,57.54,100.0
AGT_0006,5,319,0.8997,0.4295,0.4702,0.439,0.878,0.1134,0.1636,0.9116,0.0714,0.0,53.22,100.0
AGT_0006,6,297,0.899,0.4343,0.4646,0.3708,0.7416,0.1102,0.159,0.9503,0.0,0.0,49.98,100.0
AGT_0006,7,341,0.8798,0.3578,0.522,0.48,0.96,0.1686,0.2433,0.9509,0.2511,0.0,58.66,100.0
AGT_0006,8,352,0.8977,0.4062,0.4915,0.4146,0.8291,0.1338,0.1931,0.9439,0.3705,0.0,53.3,100.0
AGT_0006,9,343,0.895,0.3557,0.5394,0.4788,0.9577,0.1557,0.2247,0.9511,0.0531,0.0,58.13,100.0
AGT_0006,10,340,0.85,0.3559,0.4941,0.4913,0.9827,0.1587,0.229,0.9971,0.0,0.0,60.13,100.0
AGT_0006,11,301,0.8937,0.392,0.5017,0.4201,0.8401,0.1221,0.1762,0.9123,1.2087,0.0522,53.46,100.0
AGT_0006,12,290,0.9138,0.3414,0.5724,0.4415,0.883,0.1715,0.2475,0.9575,0.0,0.0,56.61,100.0
AGT_0007,1,365,0.8685,0.4411,0.4274,0.4227,0.8454,0.1076,0.1552,0.928,0.0,0.0,52.44,100.0
AGT_0007,2,343,0.8717,0.4461,0.4257,0.4314,0.8629,0.137,0.1976,0.9873,0.6495,0.0,55.51,100.0
AGT_0007,3,351,0.8974,0.416,0.4815,0.4317,0.8635,0.165,0.238,0.9994,0.0,0.0,56.84,100.0
AGT_0007,4,338,0.9024,0.3994,0.503,0.4328,0.8656,0.119,0.1718,0.9489,0.0,0.0,53.98,100.0
AGT_0007,5,317,0.858,0.4322,0.4259,0.4265,0.8529,0.1306,0.1884,0.8645,0.0,0.0,51.91,100.0
AGT_0007,6,331,0.8973,0.4018,0.4955,0.4478,0.8956,0.138,0.1992,0.8986,0.0,0.0,54.31,100.0
AGT_0007,7,345,0.8783,0.3913,0.487,0.4653,0.9307,0.1981,0.2858,0.9464,1.81,0.2025,62.78,100.0
AGT_0007,8,355,0.8761,0.3746,0.5014,0.4502,0.9003,0.1959,0.2827,0.9082,0.1324,0.0,56.78,100.0
AGT_0007,9,326,0.9294,0.3528,0.5767,0.429,0.8581,0.1565,0.2258,0.9679,0.0,0.0,55.58,100.0
AGT_0007,10,342,0.8947,0.4094,0.4854,0.4575,0.915,0.1723,0.2486,0.9941,0.0,0.0,58.52,100.0
AGT_0007,11,291,0.8866,0.4055,0.4811,0.4031,0.8062,0.1504,0.217,0.9141,2.1094,0.2773,58.01,100.0
AGT_0007,12,278,0.8885,0.3669,0.5216,0.4332,0.8664,0.098,0.1414,0.8533,0.0,0.0,50.86,100.0
AGT_0008,1,347,0.8991,0.389,0.5101,0.4647,0.9295,0.1655,0.2388,0.921,0.0,0.0,56.88,100.0
AGT_0008,2,289,0.9031,0.4221,0.481,0.41,0.8199,0.1237,0.1785,0.9162,0.1202,0.0,51.97,100.0
AGT_0008,3,395,0.8937,0.3975,0.4962,0.4533,0.9065,0.1166,0.1682,0.9684,0.3827,0.0,55.61,100.0
AGT_0008,4,337,0.8783,0.4065,0.4718,0.4257,0.8514,0.1723,0.2487,0.9932,0.0,0.0,56.59,100.0
AGT_0008,5,335,0.9045,0.4269,0.4776,0.3927,0.7855,0.1175,0.1696,0.9849,1.2853,0.0713,53.85,100.0
AGT_0008,6,328,0.8841,0.4238,0.4604,0.4069,0.8138,0.1258,0.1815,0.9808,5.0,1.0,73.47,100.0
AGT_0008,7,359,0.883,0.39,0.493,0.4416,0.8833,0.161,0.2323,0.8889,0.0337,0.0,54.53,100.0
AGT_0008,8,344,0.9099,0.3517,0.5581,0.4728,0.9457,0.0973,0.1403,0.9977,0.0,0.0,56.82,100.0
AGT_0008,9,334,0.9012,0.3892,0.512,0.4219,0.8439,0.1295,0.1868,0.9278,0.0,0.0,53.18,100.0
AGT_0008,10,323,0.8885,0.3715,0.517,0.4355,0.8711,0.1386,0.2,0.9236,0.7147,0.0,54.22,100.0
AGT_0008,11,308,0.8929,0.4026,0.4903,0.4291,0.8582,0.1185,0.1711,0.983,0.1387,0.0,54.6,100.0
AGT_0008,12,284,0.9049,0.3627,0.5423,0.4591,0.9183,0.1916,0.2765,0.9502,0.0,0.0,58.22,100.0
AGT_0009,1,326,0.9233,0.4755,0.4479,0.3721,0.7442,0.1219,0.1759,0.9278,0.0,0.0,49.92,100.0
AGT_0009,2,305,0.9082,0.4623,0.4459,0.4007,0.8014,0.0984,0.142,0.9246,1.1482,0.0371,51.45,100.0
AGT_0009,3,343,0.9038,0.4373,0.4665,0.371,0.7419,0.1293,0.1867,0.9877,0.1764,0.0,51.62,100.0
AGT_0009,4,333,0.9069,0.4084,0.4985,0.4139,0.8278,0.1253,0.1808,0.985,0.0,0.0,53.98,100.0
AGT_0009,5,332,0.8976,0.4096,0.488,0.3993,0.7987,0.095,0.1371,0.9547,0.0,0.0,51.25,100.0
AGT_0009,6,329,0.8663,0.4225,0.4438,0.414,0.8281,0.1235,0.1782,0.9528,0.0,0.0,53.12,100.0
AGT_0009,7,320,0.9062,0.4219,0.4844,0.4586,0.9172,0.136,0.1963,0.9375,0.0,0.0,55.86,100.0
AGT_0009,8,345,0.9043,0.3594,0.5449,0.4679,0.9359,0.1775,0.2562,0.9524,0.0305,0.0,58.29,100.0
AGT_0009,9,358,0.8631,0.352,0.5112,0.4563,0.9126,0.1875,0.2705,0.9308,5.0,1.0,77.41,100.0
AGT_0009,10,328,0.878,0.3415,0.5366,0.4618,0.9236,0.1578,0.2277,0.8863,0.0,0.0,55.56,100.0
AGT_0009,11,323,0.8793,0.3932,0.4861,0.3873,0.7746,0.142,0.205,0.9298,0.0234,0.0,51.61,100.0
AGT_0009,12,286,0.8881,0.3252,0.5629,0.5039,1.0,0.1468,0.2118,0.964,0.0,0.0,59.39,100.0
AGT_0010,1,355,0.907,0.5211,0.3859,0.3478,0.6957,0.1073,0.1549,0.9958,0.0,0.0,49.64,100.0
AGT_0010,2,341,0.9032,0.4311,0.4721,0.3994,0.7987,0.1288,0.1859,0.9729,0.0424,0.0,52.93,100.0
AGT_0010,3,316,0.9051,0.4019,0.5032,0.4196,0.8392,0.1122,0.1619,0.9743,0.0,0.0,53.58,100.0
AGT_0010,4,344,0.8866,0.4564,0.4302,0.3902,0.7803,0.1108,0.1598,0.9229,0.0,0.0,50.48,100.0
AGT_0010,5,321,0.8972,0.4424,0.4548,0.4132,0.8264,0.1654,0.2387,0.877,0.0,0.0,52.68,100.0
AGT_0010,6,309,0.9191,0.4013,0.5178,0.4261,0.8521,0.1273,0.1837,0.9742,0.0,0.0,54.51,100.0
AGT_0010,7,326,0.8865,0.408,0.4785,0.4256,0.8512,0.1295,0.1869,0.9545,0.0,0.0,54.07,100.0
AGT_0010,8,381,0.9029,0.3412,0.5617,0.4913,0.9826,0.1366,0.1971,0.9717,0.0,0.0,58.69,100.0
AGT_0010,9,347,0.8674,0.4035,0.464,0.4419,0.8837,0.1294,0.1867,0.9702,0.0,0.0,55.43,100.0
AGT_0010,10,343,0.863,0.3761,0.4869,0.4324,0.8649,0.1838,0.2653,0.9291,0.163,0.0,55.8,100.0
AGT_0010,11,337,0.9021,0.3828,0.5193,0.4474,0.8947,0.1736,0.2504,0.9237,5.0,1.0,76.2,100.0
AGT_0010,12,262,0.9198,0.3893,0.5305,0.4274,0.8548,0.092,0.1327,0.9309,2.724,0.431,60.85,100.0
AGT_0011,1,346,0.8757,0.4884,0.3873,0.3993,0.7987,0.1332,0.1923,0.98,0.0,0.0,53.27,100.0
AGT_0011,2,298,0.8893,0.4631,0.4262,0.3925,0.7849,0.1247,0.1799,0.9824,0.0,0.0,52.61,100.0
AGT_0011,3,334,0.8563,0.4222,0.4341,0.4161,0.8322,0.1117,0.1612,0.9657,0.8056,0.0,53.14,100.0
AGT_0011,4,324,0.8796,0.4414,0.4383,0.3684,0.7368,0.1061,0.1531,0.8427,1.2156,0.0539,48.08,100.0
AGT_0011,5,350,0.8657,0.4286,0.4371,0.4092,0.8185,0.1253,0.1808,0.9199,1.0883,0.0221,52.51,100.0
AGT_0011,6,317,0.8675,0.4069,0.4606,0.4545,0.9091,0.1728,0.2493,0.998,0.0,0.0,58.46,100.0
AGT_0011,7,342,0.8626,0.4561,0.4064,0.3898,0.7797,0.1203,0.1736,0.9112,0.0,0.0,50.51,100.0
AGT_0011,8,372,0.879,0.3575,0.5215,0.4648,0.9297,0.1916,0.2765,0.9232,0.0,0.0,57.88,100.0
AGT_0011,9,343,0.9009,0.3907,0.5102,0.4628,0.9256,0.1228,0.1772,0.9707,0.659,0.0,56.47,100.0
AGT_0011,10,325,0.9046,0.4092,0.4954,0.4422,0.8844,0.1711,0.2469,0.9924,0.2015,0.0,57.51,100.0
AGT_0011,11,293,0.8669,0.3823,0.4846,0.4173,0.8346,0.1793,0.2587,0.9034,1.3982,0.0996,56.08,100.0
AGT_0011,12,318,0.9119,0.3082,0.6038,0.4966,0.9931,0.1539,0.2221,0.9624,0.0,0.0,59.41,100.0
AGT_0012,1,317,0.8896,0.4826,0.4069,0.3617,0.7234,0.1169,0.1686,0.9749,0.0,0.0,50.29,100.0
AGT_0012,2,313,0.8818,0.4473,0.4345,0.413,0.8261,0.1131,0.1632,0.9653,0.2206,0.0,53.0,100.0
AGT_0012,3,348,0.9109,0.4109,0.5,0.4322,0.8644,0.1794,0.2588,0.983,0.0,0.0,56.98,100.0
AGT_0012,4,335,0.8806,0.4448,0.4358,0.4102,0.8203,0.0939,0.1354,0.9419,0.0,0.0,51.54,100.0
AGT_0012,5,394,0.8782,0.4289,0.4492,0.4595,0.9191,0.1678,0.2421,0.9751,0.153,0.0,58.0,100.0
AGT_0012,6,314,0.8854,0.3917,0.4936,0.3885,0.777,0.1577,0.2275,0.9746,0.0,0.0,53.36,100.0
AGT_0012,7,366,0.8743,0.3852,0.4891,0.45,0.9,0.1485,0.2143,0.9482,1.7043,0.1761,59.58,100.0
AGT_0012,8,339,0.9027,0.3953,0.5074,0.415,0.8301,0.1586,0.2289,0.9553,2.8241,0.456,63.63,100.0
AGT_0012,9,338,0.8994,0.358,0.5414,0.4605,0.9211,0.1585,0.2288,0.9348,0.0871,0.0,56.72,100.0
AGT_0012,10,345,0.8725,0.3971,0.4754,0.4419,0.8837,0.1414,0.2041,0.9506,0.0,0.0,55.38,100.0
AGT_0012,11,290,0.8586,0.3552,0.5034,0.4378,0.8755,0.186,0.2685,0.9201,0.3302,0.0,55.98,100.0
AGT_0012,12,304,0.9046,0.3388,0.5658,0.4655,0.9309,0.2058,0.2969,0.9954,0.0,0.0,60.23,100.0
AGT_0013,1,310,0.8774,0.4097,0.4677,0.4118,0.8235,0.124,0.179,0.9415,0.0,0.0,52.72,100.0
AGT_0013,2,297,0.8956,0.431,0.4646,0.391,0.782,0.112,0.1616,0.8641,0.8547,0.0,49.1,100.0
AGT_0013,3,332,0.9006,0.4699,0.4307,0.3645,0.7291,0.11,0.1588,0.9427,0.128,0.0,49.41,100.0
AGT_0013,4,349,0.9083,0.384,0.5244,0.4385,0.877,0.171,0.2467,0.9701,0.0,0.0,56.73,100.0
AGT_0013,5,340,0.9,0.4529,0.4471,0.402,0.8039,0.13,0.1876,0.9012,0.0,0.0,51.34,100.0
AGT_0013,6,327,0.8991,0.4281,0.4709,0.4286,0.8571,0.1276,0.1841,0.9562,0.037,0.0,54.22,100.0
AGT_0013,7,344,0.9041,0.4157,0.4884,0.4051,0.8103,0.1402,0.2024,0.9836,0.0,0.0,53.96,100.0
AGT_0013,8,342,0.9094,0.348,0.5614,0.4984,0.9968,0.1508,0.2176,0.9704,0.0,0.0,59.61,100.0
AGT_0013,9,318,0.8836,0.3742,0.5094,0.4199,0.8399,0.1259,0.1816,0.9343,0.0,0.0,53.09,100.0
AGT_0013,10,376,0.9149,0.3723,0.5426,0.4622,0.9244,0.1747,0.252,0.9082,0.0,0.0,56.74,100.0
AGT_0013,11,313,0.901,0.3898,0.5112,0.422,0.844,0.0969,0.1398,0.9479,0.0,0.0,52.51,100.0
AGT_0013,12,297,0.8822,0.3333,0.5488,0.4847,0.9695,0.1125,0.1624,0.9916,0.3331,0.0,57.93,100.0
AGT_0014,1,357,0.9076,0.4006,0.507,0.4321,0.8642,0.1526,0.2201,0.983,0.0,0.0,56.0,100.0
AGT_0014,2,307,0.9218,0.4365,0.4853,0.4064,0.8127,0.159,0.2294,0.9319,0.397,0.0,53.41,100.0
AGT_0014,3,319,0.8777,0.4577,0.4201,0.4,0.8,0.1213,0.175,0.8974,0.0,0.0,50.81,100.0
AGT_0014,4,326,0.865,0.4202,0.4448,0.3688,0.7376,0.0891,0.1286,0.93,0.3396,0.0,48.59,100.0
AGT_0014,5,366,0.8689,0.4098,0.459,0.4528,0.9057,0.1557,0.2247,0.9578,0.0,0.0,56.73,100.0
AGT_0014,6,311,0.8939,0.3762,0.5177,0.4784,0.9568,0.1693,0.2444,0.9149,0.0,0.0,57.69,100.0
AGT_0014,7,349,0.8797,0.3897,0.49,0.4169,0.8339,0.1208,0.1744,0.9476,0.0,0.0,53.07,100.0
AGT_0014,8,343,0.8921,0.4023,0.4898,0.4739,0.9477,0.1256,0.1812,0.8709,0.9861,0.0,54.73,100.0
AGT_0014,9,308,0.8896,0.2987,0.5909,0.5109,1.0,0.2523,0.3641,0.9789,0.0243,0.0,63.58,100.0
AGT_0014,10,351,0.8974,0.3789,0.5185,0.4159,0.8317,0.14,0.202,0.965,0.0976,0.0,54.13,100.0
AGT_0014,11,310,0.8968,0.3581,0.5387,0.4712,0.9424,0.1559,0.225,0.8914,0.0317,0.0,56.18,100.0
AGT_0014,12,257,0.8599,0.3619,0.4981,0.4253,0.8507,0.1513,0.2183,0.9479,0.0,0.0,54.68,100.0
AGT_0015,1,333,0.8859,0.4745,0.4114,0.3729,0.7458,0.1151,0.1661,0.9366,0.0,0.0,49.94,100.0
AGT_0015,2,266,0.9135,0.4398,0.4737,0.4527,0.9053,0.1162,0.1677,0.9965,0.0,0.0,56.26,100.0
AGT_0015,3,333,0.8919,0.4775,0.4144,0.4141,0.8283,0.0869,0.1254,0.9386,0.0,0.0,51.45,100.0
AGT_0015,4,361,0.903,0.4183,0.4848,0.4141,0.8282,0.1341,0.1935,0.9863,0.0,0.0,54.34,100.0
AGT_0015,5,335,0.8866,0.4507,0.4358,0.3973,0.7946,0.0965,0.1392,0.9545,0.0,0.0,51.18,100.0
AGT_0015,6,367,0.8856,0.406,0.4796,0.3969,0.7938,0.146,0.2107,0.942,0.0225,0.0,52.63,100.0
AGT_0015,7,333,0.8799,0.4174,0.4625,0.3925,0.785,0.1232,0.1778,0.8033,0.0,0.0,48.08,100.0
AGT_0015,8,340,0.9029,0.3824,0.5206,0.4463,0.8925,0.1784,0.2574,0.9912,0.0,0.0,57.99,100.0
AGT_0015,9,341,0.8768,0.3666,0.5103,0.4548,0.9097,0.1714,0.2474,0.9708,1.6541,0.1635,61.02,100.0
AGT_0015,10,365,0.9041,0.389,0.5151,0.4364,0.8727,0.1328,0.1917,0.9652,1.2138,0.0535,56.17,100.0
AGT_0015,11,312,0.8942,0.3814,0.5128,0.4373,0.8746,0.1487,0.2145,0.9415,1.2946,0.0736,56.61,100.0
AGT_0015,12,262,0.916,0.3282,0.5878,0.5,1.0,0.1922,0.2773,0.9742,0.0,0.0,61.29,100.0
AGT_0016,1,343,0.93,0.4577,0.4723,0.4357,0.8715,0.1374,0.1982,0.975,0.0,0.0,55.47,100.0
AGT_0016,2,325,0.8677,0.4462,0.4215,0.3652,0.7305,0.1159,0.1672,0.9447,5.0,1.0,69.71,100.0
AGT_0016,3,352,0.8693,0.4119,0.4574,0.4118,0.8235,0.1408,0.2032,0.9622,0.0,0.0,53.84,100.0
AGT_0016,4,329,0.8936,0.3799,0.5137,0.4898,0.9796,0.1907,0.2751,0.8973,0.0,0.0,58.7,100.0
AGT_0016,5,332,0.9157,0.4217,0.494,0.4375,0.875,0.1185,0.1711,0.9719,0.5281,0.0,54.82,100.0
AGT_0016,6,297,0.9024,0.4209,0.4815,0.4104,0.8209,0.1157,0.167,0.9702,5.0,1.0,73.06,100.0
AGT_0016,7,354,0.8729,0.3842,0.4887,0.4628,0.9256,0.1414,0.204,0.9679,0.8033,0.0,57.07,100.0
AGT_0016,8,344,0.8692,0.4012,0.468,0.4281,0.8562,0.1217,0.1756,0.9423,0.0,0.0,53.63,100.0
AGT_0016,9,356,0.9073,0.3567,0.5506,0.4613,0.9226,0.1565,0.2258,0.9733,0.0,0.0,57.66,100.0
AGT_0016,10,346,0.8613,0.3931,0.4682,0.4564,0.9128,0.1431,0.2066,0.9656,0.0,0.0,56.69,100.0
AGT_0016,11,310,0.9258,0.3484,0.5774,0.4634,0.9268,0.141,0.2034,0.8337,0.0,0.0,53.73,100.0
AGT_0016,12,270,0.8926,0.3333,0.5593,0.4979,0.9959,0.1626,0.2347,0.9636,2.2063,0.3016,65.86,100.0
AGT_0017,1,388,0.8892,0.4407,0.4485,0.4087,0.8174,0.1176,0.1697,0.9265,0.0,0.0,51.93,100.0
AGT_0017,2,326,0.9018,0.4448,0.4571,0.4592,0.9184,0.1304,0.1882,0.8421,3.1167,0.5292,63.89,100.0
AGT_0017,3,346,0.8786,0.4509,0.4277,0.375,0.75,0.1487,0.2146,0.9987,0.0,0.0,52.83,100.0
AGT_0017,4,373,0.8981,0.429,0.4692,0.4,0.8,0.113,0.1631,0.9335,0.0,0.0,51.42,100.0
AGT_0017,5,343,0.8805,0.3732,0.5073,0.4437,0.8874,0.1296,0.187,0.931,0.3166,0.0,54.57,100.0
AGT_0017,6,296,0.902,0.4324,0.4696,0.4382,0.8764,0.1757,0.2535,0.9623,0.3639,0.0,56.69,100.0
AGT_0017,7,311,0.8682,0.3601,0.508,0.4741,0.9481,0.193,0.2784,0.9607,0.4683,0.0,59.42,100.0
AGT_0017,8,324,0.8673,0.3889,0.4784,0.4591,0.9181,0.1372,0.198,0.9102,0.0,0.0,55.25,100.0
AGT_0017,9,363,0.8871,0.3747,0.5124,0.4503,0.9006,0.1637,0.2363,0.9927,0.0,0.0,57.74,100.0
AGT_0017,10,319,0.8871,0.3668,0.5204,0.4064,0.8127,0.1657,0.239,0.949,0.0,0.0,54.08,100.0
AGT_0017,11,316,0.8766,0.3449,0.5316,0.426,0.852,0.1686,0.2432,0.9669,0.4839,0.0,55.81,100.0
AGT_0017,12,294,0.8639,0.3571,0.5068,0.3937,0.7874,0.119,0.1717,0.9701,0.0,0.0,52.17,100.0
AGT_0018,1,337,0.8872,0.4273,0.4599,0.4515,0.903,0.1424,0.2055,0.9837,0.0,0.0,56.82,100.0
AGT_0018,2,326,0.9049,0.4387,0.4663,0.3525,0.7051,0.112,0.1616,0.9905,1.5565,0.1391,52.74,100.0
AGT_0018,3,345,0.8754,0.429,0.4464,0.4437,0.8874,0.1375,0.1983,0.9889,3.057,0.5143,66.59,100.0
AGT_0018,4,352,0.9119,0.4119,0.5,0.4237,0.8474,0.1132,0.1633,0.9135,0.0,0.0,52.34,100.0
AGT_0018,5,349,0.8596,0.3868,0.4728,0.4267,0.8533,0.1552,0.2239,0.98,2.084,0.271,61.12,100.0
AGT_0018,6,333,0.9309,0.4414,0.4895,0.4161,0.8323,0.097,0.14,0.969,1.3059,0.0765,54.22,100.0
AGT_0018,7,365,0.9068,0.4082,0.4986,0.4381,0.8761,0.1123,0.1621,0.8945,0.7249,0.0,52.7,100.0
AGT_0018,8,320,0.8594,0.4156,0.4437,0.4036,0.8073,0.1219,0.176,0.9855,0.0,0.0,53.26,100.0
AGT_0018,9,351,0.9031,0.3789,0.5242,0.4322,0.8644,0.1349,0.1946,0.9579,0.0,0.0,54.74,100.0
AGT_0018,10,337,0.8635,0.3709,0.4926,0.4639,0.9278,0.149,0.2149,0.9408,4.9556,0.9889,76.51,100.0
AGT_0018,11,329,0.8936,0.3343,0.5593,0.4558,0.9116,0.1519,0.2192,0.9835,0.0,0.0,57.41,100.0
AGT_0018,12,283,0.8905,0.417,0.4735,0.4722,0.9444,0.1303,0.188,0.9981,0.0,0.0,57.99,100.0
AGT_0019,1,327,0.8777,0.4526,0.4251,0.4181,0.8362,0.137,0.1976,0.9978,0.0,0.0,54.97,100.0
AGT_0019,2,308,0.8864,0.461,0.4253,0.3846,0.7692,0.0788,0.1137,0.9968,1.0294,0.0074,50.99,100.0
AGT_0019,3,352,0.8778,0.3864,0.4915,0.4401,0.8803,0.2175,0.3138,0.9719,0.1141,0.0,58.55,100.0
AGT_0019,4,367,0.8801,0.4414,0.4387,0.3591,0.7183,0.1214,0.1752,0.9341,0.0412,0.0,49.28,100.0
AGT_0019,5,381,0.8871,0.3753,0.5118,0.4793,0.9586,0.1615,0.233,0.9778,0.0,0.0,59.03,100.0
AGT_0019,6,377,0.8806,0.4164,0.4642,0.4036,0.8072,0.1528,0.2205,0.9573,0.0,0.0,53.66,100.0
AGT_0019,7,372,0.8817,0.4032,0.4785,0.4329,0.8659,0.1111,0.1603,0.9857,0.0,0.0,54.63,100.0
AGT_0019,8,360,0.8972,0.3444,0.5528,0.4644,0.9288,0.1254,0.181,0.9944,0.0,0.0,57.25,100.0
AGT_0019,9,351,0.9003,0.396,0.5043,0.4082,0.8165,0.0803,0.1159,0.9366,0.0594,0.0,50.81,100.0
AGT_0019,10,317,0.8801,0.3785,0.5016,0.4229,0.8459,0.1314,0.1897,0.9912,1.1544,0.0386,55.67,100.0
AGT_0019,11,293,0.8942,0.3481,0.5461,0.4656,0.9313,0.1725,0.2489,0.979,0.0,0.0,58.64,100.0
AGT_0019,12,284,0.9225,0.3486,0.5739,0.4618,0.9237,0.1521,0.2195,0.9159,5.0,1.0,76.09,100.0
AGT_0020,1,322,0.882,0.4224,0.4596,0.4225,0.8451,0.1363,0.1967,0.9989,0.0,0.0,55.24,100.0
AGT_0020,2,351,0.8775,0.4245,0.453,0.4318,0.8636,0.1635,0.2359,0.8855,0.0,0.0,53.94,100.0
AGT_0020,3,398,0.8643,0.4623,0.402,0.3953,0.7907,0.1145,0.1653,0.9494,0.0,0.0,51.59,100.0
AGT_0020,4,337,0.905,0.4332,0.4718,0.3902,0.7803,0.1333,0.1924,0.98,0.0,0.0,52.72,100.0
AGT_0020,5,358,0.905,0.4525,0.4525,0.392,0.784,0.1499,0.2163,0.9916,0.0,0.0,53.72,100.0
AGT_0020,6,354,0.8898,0.3588,0.5311,0.4571,0.9143,0.1709,0.2466,0.9785,0.1621,0.0,58.06,100.0
AGT_0020,7,354,0.8814,0.4011,0.4802,0.4295,0.859,0.1147,0.1655,0.8757,0.0,0.0,51.8,100.0
AGT_0020,8,333,0.9129,0.3604,0.5526,0.4474,0.8947,0.1932,0.2788,0.9635,0.0,0.0,57.9,100.0
AGT_0020,9,318,0.8648,0.3868,0.478,0.3964,0.7927,0.1035,0.1493,0.9651,0.0,0.0,51.64,100.0
AGT_0020,10,357,0.8964,0.3894,0.507,0.4781,0.9563,0.133,0.1919,0.9873,5.0,1.0,78.17,100.0
AGT_0020,11,280,0.8893,0.3607,0.5286,0.4578,0.9157,0.2537,0.3661,0.9243,0.2469,0.0,59.73,100.0
AGT_0020,12,294,0.9014,0.3673,0.534,0.4075,0.8151,0.1287,0.1857,0.902,1.8205,0.2051,55.75,100.0
AGT_0021,1,314,0.8726,0.465,0.4076,0.4051,0.8102,0.1081,0.156,0.9649,0.0,0.0,52.33,100.0
AGT_0021,2,295,0.8746,0.4203,0.4542,0.3915,0.7829,0.0874,0.1261,0.9869,0.0,0.0,51.31,100.0
AGT_0021,3,354,0.887,0.4633,0.4237,0.3981,0.7962,0.115,0.1659,0.9289,0.2895,0.0,51.25,100.0
AGT_0021,4,361,0.8975,0.4349,0.4626,0.4105,0.821,0.1401,0.2022,0.9597,0.0,0.0,53.68,100.0
AGT_0021,5,354,0.8757,0.4548,0.4209,0.4129,0.8258,0.1111,0.1604,0.9801,0.0,0.0,53.29,100.0
AGT_0021,6,312,0.9103,0.4519,0.4583,0.3768,0.7535,0.1124,0.1622,0.9136,0.0,0.0,49.5,100.0
AGT_0021,7,356,0.9298,0.3736,0.5562,0.4562,0.9124,0.1733,0.2501,0.9307,0.0,0.0,56.89,100.0
AGT_0021,8,348,0.8908,0.3764,0.5144,0.4419,0.8839,0.1132,0.1634,0.9716,0.0,0.0,54.89,100.0
AGT_0021,9,349,0.9255,0.3926,0.533,0.4427,0.8854,0.13,0.1876,0.9541,2.1533,0.2883,60.87,100.0
AGT_0021,10,344,0.8983,0.375,0.5233,0.4595,0.9191,0.1689,0.2437,0.9061,1.5524,0.1381,59.08,100.0
AGT_0021,11,325,0.8985,0.3785,0.52,0.4829,0.9658,0.2053,0.2962,0.8433,0.0594,0.0,57.46,100.0
AGT_0021,12,310,0.8774,0.3806,0.4968,0.4596,0.9191,0.1269,0.1831,0.9644,0.0,0.0,56.26,100.0
AGT_0022,1,331,0.8701,0.4532,0.4169,0.375,0.75,0.0821,0.1185,0.9277,0.0,0.0,48.65,100.0
AGT_0022,2,314,0.914,0.4172,0.4968,0.453,0.9059,0.1718,0.248,0.9276,0.0,0.0,56.57,100.0
AGT_0022,3,340,0.8471,0.4206,0.4265,0.4375,0.875,0.1298,0.1873,0.9785,0.0,0.0,55.4,100.0
AGT_0022,4,392,0.8724,0.4056,0.4668,0.4269,0.8538,0.1524,0.2199,0.9513,0.0,0.0,54.89,100.0
AGT_0022,5,319,0.8871,0.4295,0.4577,0.4134,0.8269,0.1106,0.1596,0.9434,0.6162,0.0,52.38,100.0
AGT_0022,6,343,0.8776,0.3994,0.4781,0.4784,0.9568,0.1157,0.1669,0.9327,0.3193,0.0,56.2,100.0
AGT_0022,7,343,0.9242,0.4869,0.4373,0.3596,0.7192,0.0917,0.1323,0.958,0.5333,0.0,48.84,100.0
AGT_0022,8,311,0.8875,0.328,0.5595,0.4855,0.971,0.2105,0.3037,0.987,0.2312,0.0,61.4,100.0
AGT_0022,9,318,0.8868,0.3805,0.5063,0.3972,0.7943,0.1749,0.2524,0.9131,0.0,0.0,52.97,100.0
AGT_0022,10,329,0.8784,0.3769,0.5015,0.4394,0.8789,0.1185,0.171,0.9542,2.3236,0.3309,61.11,100.0
AGT_0022,11,296,0.9189,0.2905,0.6284,0.5,1.0,0.1696,0.2448,0.9695,0.0,0.0,60.36,100.0
AGT_0022,12,277,0.9134,0.4116,0.5018,0.3992,0.7984,0.1031,0.1488,0.9138,0.0,0.0,50.52,100.0
AGT_0023,1,318,0.8994,0.4245,0.4748,0.4126,0.8252,0.1014,0.1463,0.9432,0.0,0.0,51.99,100.0
AGT_0023,2,300,0.8667,0.4133,0.4533,0.45,0.9,0.1387,0.2001,0.9675,2.9213,0.4803,65.8,100.0
AGT_0023,3,333,0.8889,0.3874,0.5015,0.4426,0.8851,0.0978,0.1411,0.9491,0.0,0.0,53.81,100.0
AGT_0023,4,335,0.8776,0.3881,0.4896,0.4388,0.8776,0.1759,0.2539,0.9603,0.0,0.0,56.68,100.0
AGT_0023,5,345,0.887,0.3942,0.4928,0.5033,1.0,0.1337,0.193,0.9661,1.5211,0.1303,61.58,100.0
AGT_0023,6,352,0.892,0.4006,0.4915,0.4395,0.879,0.1392,0.2008,0.9631,0.7995,0.0,55.47,100.0
AGT_0023,7,361,0.9058,0.374,0.5319,0.4373,0.8746,0.1428,0.2061,0.972,0.0,0.0,55.69,100.0
AGT_0023,8,333,0.9039,0.3874,0.5165,0.4319,0.8638,0.1519,0.2191,0.8978,0.0,0.0,53.84,100.0
AGT_0023,9,328,0.8994,0.3689,0.5305,0.4373,0.8746,0.171,0.2467,0.9726,0.2442,0.0,56.72,100.0
AGT_0023,10,344,0.8837,0.4099,0.4738,0.398,0.7961,0.0955,0.1378,0.9671,0.0,0.0,51.5,100.0
AGT_0023,11,286,0.9231,0.3531,0.5699,0.4773,0.9545,0.1996,0.288,0.9624,0.0,0.0,59.9,100.0
AGT_0023,12,281,0.8861,0.3808,0.5053,0.4257,0.8514,0.1335,0.1926,0.9534,0.0,0.0,54.19,100.0
AGT_0024,1,333,0.8529,0.4505,0.4024,0.4261,0.8521,0.1216,0.1754,0.8787,0.0,0.0,51.92,100.0
AGT_0024,2,301,0.9203,0.4419,0.4784,0.4043,0.8087,0.0856,0.1236,0.9886,0.0,0.0,52.06,100.0
AGT_0024,3,326,0.8834,0.454,0.4294,0.4062,0.8125,0.1353,0.1953,0.9381,0.0,0.0,52.71,100.0
AGT_0024,4,333,0.9099,0.4384,0.4715,0.429,0.8581,0.116,0.1674,0.9294,0.0,0.0,53.16,100.0
AGT_0024,5,343,0.8746,0.4519,0.4227,0.38,0.76,0.1121,0.1617,0.9288,0.0,0.0,50.06,100.0
AGT_0024,6,342,0.8567,0.4181,0.4386,0.4232,0.8464,0.1038,0.1498,0.97,0.5304,0.0,53.39,100.0
AGT_0024,7,323,0.8947,0.4118,0.483,0.4429,0.8858,0.1515,0.2186,0.976,0.0,0.0,56.44,100.0
AGT_0024,8,349,0.8682,0.4327,0.4355,0.4026,0.8053,0.1393,0.2011,0.998,0.0,0.0,54.14,100.0
AGT_0024,9,302,0.9106,0.3609,0.5497,0.4509,0.9018,0.1523,0.2197,0.9078,0.0,0.0,55.24,100.0
AGT_0024,10,338,0.9024,0.3669,0.5355,0.4459,0.8918,0.1355,0.1956,0.9732,0.0,0.0,55.97,100.0
AGT_0024,11,295,0.9119,0.3695,0.5424,0.487,0.974,0.137,0.1976,0.9243,3.6145,0.6536,70.34,100.0
AGT_0024,12,288,0.9028,0.3715,0.5312,0.4885,0.9769,0.1418,0.2046,0.9601,0.0,0.0,58.43,100.0
AGT_0025,1,363,0.8953,0.4325,0.4628,0.4062,0.8123,0.1264,0.1824,0.9709,0.0,0.0,53.2,100.0
AGT_0025,2,326,0.911,0.4325,0.4785,0.3468,0.6936,0.0922,0.133,0.8653,5.0,1.0,65.77,100.0
AGT_0025,3,314,0.9172,0.4395,0.4777,0.4132,0.8264,0.1419,0.2047,0.9369,0.8824,0.0,53.33,100.0
AGT_0025,4,319,0.8903,0.4201,0.4702,0.3979,0.7958,0.1141,0.1647,0.9932,1.3854,0.0964,54.75,100.0
AGT_0025,5,359,0.8802,0.4345,0.4457,0.4241,0.8481,0.1403,0.2025,0.9746,0.0,0.0,54.87,100.0
AGT_0025,6,367,0.9019,0.3869,0.515,0.4199,0.8399,0.1635,0.2359,0.9985,0.0,0.0,56.06,100.0
AGT_0025,7,322,0.8851,0.4255,0.4596,0.4456,0.8912,0.1206,0.174,0.9943,0.0,0.0,55.95,100.0
AGT_0025,8,346,0.9191,0.4075,0.5116,0.4371,0.8742,0.1708,0.2465,0.9617,0.0,0.0,56.43,100.0
AGT_0025,9,314,0.9013,0.3758,0.5255,0.4664,0.9329,0.1639,0.2365,0.984,0.5612,0.0,58.5,100.0
AGT_0025,10,342,0.9006,0.4006,0.5,0.4351,0.8701,0.1196,0.1726,0.9693,0.0,0.0,54.65,100.0
AGT_0025,11,279,0.8817,0.3907,0.491,0.4187,0.8374,0.1491,0.2151,0.9465,1.9048,0.2262,58.68,100.0
AGT_0025,12,281,0.879,0.3701,0.5089,0.4696,0.9393,0.2075,0.2994,0.9853,0.1321,0.0,60.3,100.0
AGT_0026,1,319,0.8871,0.442,0.4451,0.4028,0.8057,0.1301,0.1877,0.957,0.0,0.0,52.79,100.0
AGT_0026,2,272,0.8897,0.4559,0.4338,0.3678,0.7355,0.0781,0.1127,0.9289,0.1844,0.0,48.11,100.0
AGT_0026,3,355,0.862,0.3775,0.4845,0.4281,0.8562,0.1528,0.2204,0.8956,0.3537,0.0,53.59,100.0
AGT_0026,4,354,0.8503,0.4689,0.3814,0.4086,0.8173,0.1603,0.2313,0.908,0.0,0.0,53.0,100.0
AGT_0026,5,341,0.8739,0.437,0.437,0.4228,0.8456,0.1059,0.1529,0.9958,0.0,0.0,54.08,100.0
AGT_0026,6,345,0.8899,0.3623,0.5275,0.4658,0.9316,0.1274,0.1839,0.9515,0.0,0.0,56.33,100.0
AGT_0026,7,321,0.8847,0.4237,0.4611,0.4331,0.8662,0.1358,0.196,0.926,0.0,0.0,54.04,100.0
AGT_0026,8,350,0.9029,0.3657,0.5371,0.4652,0.9304,0.1353,0.1953,0.9646,0.0,0.0,56.91,100.0
AGT_0026,9,332,0.9217,0.3223,0.5994,0.4673,0.9346,0.2169,0.313,0.9086,0.0,0.0,58.58,100.0
AGT_0026,10,358,0.9162,0.3827,0.5335,0.4634,0.9268,0.1236,0.1784,0.8952,0.0,0.0,54.65,100.0
AGT_0026,11,291,0.8935,0.3746,0.5189,0.4077,0.8154,0.1722,0.2485,0.964,2.8024,0.4506,63.78,100.0
AGT_0026,12,283,0.8763,0.3357,0.5406,0.504,1.0,0.2,0.2885,0.9167,0.441,0.0,60.13,100.0
AGT_0027,1,337,0.8932,0.457,0.4362,0.3787,0.7575,0.1228,0.1771,0.9255,0.0,0.0,50.29,100.0
AGT_0027,2,339,0.885,0.4956,0.3894,0.3633,0.7267,0.1,0.1444,0.9518,0.0,0.0,49.2,100.0
AGT_0027,3,339,0.9056,0.4484,0.4572,0.3844,0.7687,0.1132,0.1634,0.9171,0.0,0.0,50.07,100.0
AGT_0027,4,351,0.8917,0.4558,0.4359,0.4217,0.8435,0.097,0.14,0.9654,0.0,0.0,52.94,100.0
AGT_0027,5,341,0.871,0.4106,0.4604,0.4343,0.8687,0.1381,0.1993,0.9615,0.4587,0.0,55.08,100.0
AGT_0027,6,354,0.9096,0.3983,0.5113,0.4534,0.9068,0.1273,0.1837,0.814,0.0,0.0,52.15,100.0
AGT_0027,7,362,0.8702,0.4033,0.4669,0.454,0.9079,0.0815,0.1176,0.9804,0.0,0.0,54.69,100.0
AGT_0027,8,376,0.9096,0.383,0.5266,0.4561,0.9123,0.153,0.2208,0.9568,0.0,0.0,56.81,100.0
AGT_0027,9,345,0.9217,0.3623,0.5594,0.4591,0.9182,0.1671,0.2411,0.9191,0.0,0.0,56.55,100.0
AGT_0027,10,346,0.9017,0.3642,0.5376,0.4487,0.8974,0.149,0.215,0.986,0.0,0.0,56.95,100.0
AGT_0027,11,312,0.8494,0.3814,0.4679,0.4604,0.9208,0.1947,0.2809,0.9365,0.0,0.0,58.06,100.0
AGT_0027,12,311,0.8778,0.3666,0.5113,0.4615,0.9231,0.1503,0.2169,0.9104,0.0,0.0,55.87,100.0
AGT_0028,1,371,0.9191,0.4879,0.4313,0.4018,0.8035,0.1035,0.1494,0.9863,0.0,0.0,52.5,100.0
AGT_0028,2,306,0.8922,0.4444,0.4477,0.4103,0.8205,0.1654,0.2387,0.9616,0.6213,0.0,54.62,100.0
AGT_0028,3,364,0.9011,0.478,0.4231,0.3872,0.7744,0.0923,0.1332,0.9841,0.2663,0.0,51.16,100.0
AGT_0028,4,328,0.9024,0.5,0.4024,0.3682,0.7365,0.0948,0.1368,0.9553,0.061,0.0,49.4,100.0
AGT_0028,5,332,0.8855,0.3976,0.488,0.4184,0.8367,0.1198,0.1728,0.9602,0.165,0.0,53.43,100.0
AGT_0028,6,313,0.8754,0.4058,0.4696,0.4197,0.8394,0.1664,0.2401,0.9105,0.0,0.0,53.95,100.0
AGT_0028,7,344,0.907,0.3924,0.5145,0.4231,0.8462,0.1532,0.2211,0.9876,0.0,0.0,55.6,100.0
AGT_0028,8,325,0.8892,0.3692,0.52,0.4464,0.8927,0.13,0.1876,0.9844,0.7645,0.0,56.08,100.0
AGT_0028,9,346,0.9162,0.3642,0.552,0.4353,0.8707,0.1306,0.1885,0.9396,0.0,0.0,54.32,100.0
AGT_0028,10,373,0.9115,0.3995,0.5121,0.4588,0.9176,0.1454,0.2097,0.9752,0.0,0.0,57.15,100.0
AGT_0028,11,334,0.8922,0.3713,0.521,0.4396,0.8792,0.1858,0.2681,0.9921,0.6847,0.0,57.88,100.0
AGT_0028,12,266,0.8571,0.3684,0.4887,0.4825,0.9649,0.201,0.2901,0.9758,5.0,1.0,80.59,100.0
AGT_0029,1,355,0.9099,0.462,0.4479,0.3932,0.7864,0.1197,0.1727,0.9086,0.0,0.0,50.62,100.0
AGT_0029,2,291,0.8729,0.4364,0.4364,0.3937,0.7874,0.1478,0.2133,0.9509,1.4487,0.1122,54.97,100.0
AGT_0029,3,347,0.8847,0.3689,0.5159,0.4593,0.9186,0.175,0.2525,0.995,0.0,0.0,58.74,100.0
AGT_0029,4,322,0.9161,0.4752,0.441,0.3763,0.7525,0.0904,0.1304,0.9465,0.2957,0.0,49.5,100.0
AGT_0029,5,357,0.9076,0.3922,0.5154,0.429,0.858,0.1991,0.2873,0.9577,0.1034,0.0,56.87,100.0
AGT_0029,6,353,0.8669,0.4164,0.4504,0.4314,0.8627,0.1338,0.1931,0.9363,0.0,0.0,54.12,100.0
AGT_0029,7,350,0.8857,0.3943,0.4914,0.4258,0.8516,0.1376,0.1986,0.944,0.0,0.0,54.11,100.0
AGT_0029,8,335,0.8925,0.3731,0.5194,0.4849,0.9699,0.151,0.2179,0.9,0.0,0.0,57.04,100.0
AGT_0029,9,348,0.8994,0.3822,0.5172,0.4409,0.8818,0.1354,0.1954,0.9486,0.7611,0.0,55.05,100.0
AGT_0029,10,327,0.8777,0.3486,0.5291,0.4495,0.899,0.2226,0.3212,0.9151,0.6481,0.0,57.88,100.0
AGT_0029,11,297,0.8788,0.404,0.4747,0.4176,0.8352,0.1751,0.2526,0.9895,0.0201,0.0,56.11,100.0
AGT_0029,12,320,0.8656,0.3531,0.5125,0.4838,0.9675,0.1469,0.212,0.9617,0.2585,0.0,58.37,100.0
AGT_0030,1,336,0.8869,0.4524,0.4345,0.3859,0.7718,0.1507,0.2174,0.9959,0.0,0.0,53.49,100.0
AGT_0030,2,303,0.9175,0.462,0.4554,0.3849,0.7698,0.1043,0.1505,0.8522,3.1646,0.5412,58.98,100.0
AGT_0030,3,303,0.9109,0.4158,0.495,0.4638,0.9275,0.1154,0.1665,0.9265,0.1429,0.0,55.15,100.0
AGT_0030,4,324,0.8981,0.4043,0.4938,0.4261,0.8522,0.1307,0.1886,0.9846,1.1061,0.0265,55.43,100.0
AGT_0030,5,338,0.8876,0.3698,0.5178,0.44,0.88,0.1364,0.1968,0.8895,0.3065,0.0,53.56,100.0
AGT_0030,6,365,0.8767,0.3781,0.4986,0.4406,0.8812,0.1556,0.2245,0.9804,0.0,0.0,56.56,100.0
AGT_0030,7,345,0.9043,0.4232,0.4812,0.4391,0.8782,0.1152,0.1663,0.9783,0.6127,0.0,54.96,100.0
AGT_0030,8,328,0.875,0.4085,0.4665,0.4042,0.8084,0.1018,0.1469,0.9313,2.003,0.2508,56.22,100.0
AGT_0030,9,349,0.8883,0.341,0.5473,0.4742,0.9484,0.16,0.2308,0.9632,0.0,0.0,58.3,100.0
AGT_0030,10,333,0.9129,0.3724,0.5405,0.4112,0.8224,0.1,0.1444,0.995,0.7854,0.0,53.16,100.0
AGT_0030,11,311,0.91,0.3344,0.5756,0.5018,1.0,0.2026,0.2924,0.9829,0.0776,0.0,61.88,100.0
AGT_0030,12,277,0.8989,0.3357,0.5632,0.4779,0.9558,0.1789,0.2581,0.9314,0.0,0.0,58.41,100.0
AGT_0031,1,356,0.8989,0.4719,0.427,0.3812,0.7625,0.1119,0.1615,0.9167,0.0,0.0,49.83,100.0
AGT_0031,2,305,0.8623,0.4656,0.3967,0.403,0.8061,0.1339,0.1932,0.9057,5.0,1.0,71.65,100.0
AGT_0031,3,352,0.9119,0.4489,0.4631,0.3801,0.7601,0.1126,0.1625,0.8898,0.0,0.0,49.11,100.0
AGT_0031,4,330,0.8909,0.4545,0.4364,0.4116,0.8231,0.1241,0.1791,0.927,0.0,0.0,52.35,100.0
AGT_0031,5,331,0.9094,0.3565,0.5529,0.4419,0.8837,0.1375,0.1984,0.8608,0.0,0.0,52.99,100.0
AGT_0031,6,327,0.9235,0.4251,0.4985,0.404,0.8079,0.1182,0.1705,0.9644,0.2068,0.0,52.61,100.0
AGT_0031,7,353,0.8725,0.4023,0.4703,0.4481,0.8961,0.1256,0.1813,0.9634,2.237,0.3092,61.69,100.0
AGT_0031,8,341,0.8944,0.3666,0.5279,0.423,0.8459,0.1533,0.2212,0.9296,0.0,0.0,54.15,100.0
AGT_0031,9,319,0.8997,0.3605,0.5392,0.4739,0.9477,0.1129,0.1629,0.9629,0.0,0.0,56.58,100.0
AGT_0031,10,318,0.8962,0.3868,0.5094,0.4351,0.8702,0.128,0.1847,0.9584,0.0,0.0,54.68,100.0
AGT_0031,11,301,0.887,0.3555,0.5316,0.4195,0.839,0.1482,0.2138,0.9777,0.2933,0.0,54.96,100.0
AGT_0031,12,299,0.8963,0.3579,0.5385,0.4813,0.9627,0.1856,0.2679,0.9722,3.9019,0.7255,74.39,100.0
AGT_0032,1,355,0.8845,0.4423,0.4423,0.3885,0.7771,0.1556,0.2246,0.9826,0.0,0.0,53.49,100.0
AGT_0032,2,328,0.8933,0.4604,0.4329,0.3857,0.7713,0.1322,0.1908,0.9801,0.4851,0.0,52.41,100.0
AGT_0032,3,350,0.8714,0.4486,0.4229,0.3967,0.7934,0.1668,0.2407,0.9842,1.8538,0.2134,58.7,100.0
AGT_0032,4,321,0.9003,0.3832,0.5171,0.4498,0.8997,0.1671,0.2411,0.9453,0.0,0.0,56.65,100.0
AGT_0032,5,341,0.8768,0.393,0.4839,0.4582,0.9164,0.1085,0.1566,0.9898,0.0,0.0,56.15,100.0
AGT_0032,6,321,0.8723,0.4361,0.4361,0.4357,0.8714,0.1299,0.1874,0.9124,0.0,0.0,53.64,100.0
AGT_0032,7,340,0.8971,0.45,0.4471,0.4197,0.8393,0.098,0.1415,0.9725,1.7878,0.197,56.97,100.0
AGT_0032,8,340,0.8765,0.3912,0.4853,0.4262,0.8523,0.1335,0.1927,0.9704,0.35,0.0,54.65,100.0
AGT_0032,9,309,0.8641,0.3657,0.4984,0.4569,0.9139,0.1319,0.1903,0.9477,0.4864,0.0,55.86,100.0
AGT_0032,10,318,0.8742,0.3774,0.4969,0.4029,0.8058,0.1474,0.2127,0.9979,0.8691,0.0,54.44,100.0
AGT_0032,11,318,0.8931,0.3522,0.5409,0.4401,0.8803,0.1247,0.1799,0.9765,0.0,0.0,55.32,100.0
AGT_0032,12,282,0.883,0.3298,0.5532,0.4859,0.9719,0.1965,0.2835,0.9704,0.4507,0.0,60.5,100.0
AGT_0033,1,360,0.9083,0.4583,0.45,0.4373,0.8746,0.1004,0.1448,0.9814,0.0,0.0,54.39,100.0
AGT_0033,2,298,0.896,0.406,0.4899,0.4382,0.8764,0.1679,0.2422,0.9898,0.2364,0.0,57.09,100.0
AGT_0033,3,347,0.8847,0.4265,0.4582,0.4137,0.8274,0.1476,0.213,0.9586,0.0,0.0,54.11,100.0
AGT_0033,4,299,0.903,0.4348,0.4682,0.4037,0.8074,0.1153,0.1664,0.94,2.211,0.3027,57.94,100.0
AGT_0033,5,314,0.8949,0.4268,0.4682,0.4555,0.911,0.115,0.1659,0.9095,1.0093,0.0023,54.26,100.0
AGT_0033,6,350,0.9,0.4114,0.4886,0.4508,0.9016,0.0959,0.1384,0.9702,0.0,0.0,54.76,100.0
AGT_0033,7,346,0.8786,0.4277,0.4509,0.4309,0.8618,0.1181,0.1705,0.9796,0.0,0.0,54.61,100.0
AGT_0033,8,369,0.9079,0.3902,0.5176,0.4657,0.9313,0.1775,0.2561,0.9943,0.0,0.0,59.2,100.0
AGT_0033,9,319,0.9091,0.4169,0.4922,0.431,0.8621,0.1465,0.2114,0.9004,0.0462,0.0,53.66,100.0
AGT_0033,10,322,0.8913,0.3354,0.5559,0.5052,1.0,0.2042,0.2947,0.9595,0.2182,0.0,61.36,100.0
AGT_0033,11,321,0.8879,0.3489,0.5389,0.4772,0.9544,0.1698,0.245,0.9672,0.0,0.0,58.94,100.0
AGT_0033,12,257,0.8482,0.3191,0.5292,0.5,1.0,0.1161,0.1675,0.963,1.327,0.0817,59.9,100.0
AGT_0034,1,364,0.9093,0.4423,0.467,0.4079,0.8157,0.1178,0.17,0.9026,0.0,0.0,51.29,100.0
AGT_0034,2,309,0.8641,0.4693,0.3948,0.4007,0.8015,0.1145,0.1652,0.9853,0.0,0.0,52.81,100.0
AGT_0034,3,376,0.8963,0.4814,0.4149,0.3591,0.7181,0.0828,0.1195,0.9573,2.6551,0.4138,56.74,100.0
AGT_0034,4,310,0.9065,0.4,0.5065,0.4484,0.8968,0.1231,0.1776,0.9851,0.0,0.0,55.97,100.0
AGT_0034,5,353,0.8952,0.4618,0.4334,0.3513,0.7025,0.1239,0.1788,0.9983,0.0,0.0,50.5,100.0
AGT_0034,6,316,0.9051,0.3639,0.5411,0.451,0.9021,0.1383,0.1996,0.9239,0.0,0.0,55.15,100.0
AGT_0034,7,325,0.8738,0.4123,0.4615,0.4049,0.8099,0.1256,0.1813,0.9813,0.0,0.0,53.36,100.0
AGT_0034,8,334,0.9132,0.4042,0.509,0.4164,0.8328,0.0808,0.1166,0.9219,0.0,0.0,50.95,100.0
AGT_0034,9,331,0.9094,0.4048,0.5045,0.4352,0.8704,0.1126,0.1625,0.9798,0.0,0.0,54.67,100.0
AGT_0034,10,346,0.9162,0.3208,0.5954,0.4763,0.9527,0.1729,0.2494,0.9829,0.0,0.0,59.39,100.0
AGT_0034,11,305,0.8689,0.4,0.4689,0.3962,0.7925,0.1616,0.2331,0.891,0.0,0.0,51.88,100.0
AGT_0034,12,271,0.8524,0.369,0.4834,0.4675,0.9351,0.1492,0.2152,0.982,0.5308,0.0,57.98,100.0
AGT_0035,1,390,0.8795,0.4615,0.4179,0.4023,0.8047,0.1294,0.1868,0.9337,0.0,0.0,52.15,100.0
AGT_0035,2,298,0.8826,0.4832,0.3993,0.3574,0.7148,0.1233,0.178,0.9742,0.1413,0.0,50.25,100.0
AGT_0035,3,331,0.9033,0.4653,0.4381,0.3746,0.7492,0.107,0.1544,0.9974,0.0,0.0,51.27,100.0
AGT_0035,4,328,0.8659,0.4177,0.4482,0.4894,0.9789,0.1693,0.2443,0.9047,0.7876,0.0,58.09,100.0
AGT_0035,5,341,0.8534,0.4487,0.4047,0.4055,0.811,0.1493,0.2154,0.9893,0.0,0.0,54.45,100.0
AGT_0035,6,317,0.9085,0.4322,0.4763,0.4201,0.8403,0.0971,0.1402,0.9615,0.0,0.0,52.75,100.0
AGT_0035,7,333,0.8649,0.4264,0.4384,0.4861,0.9722,0.1356,0.1957,0.9836,5.0,1.0,78.65,100.0
AGT_0035,8,330,0.8697,0.4182,0.4515,0.4146,0.8293,0.1533,0.2213,0.8966,0.0,0.0,52.83,100.0
AGT_0035,9,359,0.8747,0.3872,0.4875,0.4236,0.8471,0.1787,0.2578,0.9298,0.0,0.0,55.1,100.0
AGT_0035,10,352,0.8807,0.3949,0.4858,0.4516,0.9032,0.1314,0.1896,0.91,0.7831,0.0,54.59,100.0
AGT_0035,11,321,0.8879,0.3769,0.5109,0.4175,0.8351,0.1244,0.1796,0.9636,0.0,0.0,53.63,100.0
AGT_0035,12,296,0.9088,0.3041,0.6047,0.487,0.974,0.1901,0.2743,0.9771,0.0,0.0,60.5,100.0
AGT_0036,1,343,0.898,0.4665,0.4315,0.3799,0.7597,0.1265,0.1825,0.9285,0.0,0.0,50.57,100.0
AGT_0036,2,273,0.8828,0.4615,0.4212,0.4315,0.8631,0.1569,0.2265,0.9433,3.0758,0.5189,65.51,100.0
AGT_0036,3,371,0.876,0.4232,0.4528,0.4585,0.9169,0.141,0.2035,0.9914,0.1766,0.0,57.38,100.0
AGT_0036,4,316,0.8671,0.4462,0.4209,0.3905,0.781,0.1048,0.1512,0.9845,0.0,0.0,51.82,100.0
AGT_0036,5,346,0.896,0.396,0.5,0.4839,0.9677,0.1317,0.1901,0.9945,0.0,0.0,58.65,100.0
AGT_0036,6,333,0.8679,0.4084,0.4595,0.4152,0.8304,0.0933,0.1347,0.8399,0.0,0.0,49.28,100.0
AGT_0036,7,346,0.8786,0.4249,0.4538,0.4309,0.8618,0.1317,0.19,0.977,0.6533,0.0,55.03,100.0
AGT_0036,8,339,0.941,0.3245,0.6165,0.4859,0.9718,0.1816,0.262,0.9252,0.0,0.0,58.83,100.0
AGT_0036,9,339,0.8938,0.3894,0.5044,0.429,0.8581,0.1462,0.211,0.9785,0.0,0.0,55.48,100.0
AGT_0036,10,366,0.8934,0.3907,0.5027,0.4526,0.9052,0.1443,0.2082,0.9644,0.0,0.0,56.47,100.0
AGT_0036,11,320,0.8969,0.325,0.5719,0.4077,0.8153,0.1752,0.2528,0.9334,0.0,0.0,54.12,100.0
AGT_0036,12,281,0.8612,0.2811,0.5801,0.4835,0.9669,0.1249,0.1802,0.9244,0.8131,0.0,56.62,100.0
AGT_0037,1,368,0.8967,0.4321,0.4647,0.4485,0.897,0.1615,0.2331,0.9682,0.0,0.0,56.94,100.0
AGT_0037,2,316,0.8449,0.4367,0.4082,0.4082,0.8165,0.1283,0.1852,0.9685,0.0,0.0,53.34,100.0
AGT_0037,3,327,0.9297,0.4312,0.4985,0.4112,0.8224,0.1629,0.2351,0.9439,0.0,0.0,54.15,100.0
AGT_0037,4,332,0.9096,0.4277,0.4819,0.3974,0.7947,0.1377,0.1988,0.9803,5.0,1.0,73.32,100.0
AGT_0037,5,377,0.8833,0.4271,0.4562,0.4084,0.8168,0.0882,0.1273,0.948,5.0,1.0,71.39,100.0
AGT_0037,6,344,0.8808,0.4331,0.4477,0.3993,0.7987,0.1061,0.1531,0.9547,0.0,0.0,51.66,100.0
AGT_0037,7,323,0.9133,0.3963,0.517,0.4102,0.8203,0.1365,0.197,0.9474,0.0,0.0,53.22,100.0
AGT_0037,8,353,0.9037,0.4136,0.4901,0.4451,0.8903,0.1352,0.1952,0.9986,0.0,0.0,56.55,100.0
AGT_0037,9,313,0.8978,0.3387,0.5591,0.4875,0.9751,0.1748,0.2523,0.9544,0.079,0.0,59.42,100.0
AGT_0037,10,345,0.8841,0.3449,0.5391,0.4557,0.9115,0.1366,0.1971,0.9745,0.0,0.0,56.63,100.0
AGT_0037,11,276,0.8877,0.3225,0.5652,0.5061,1.0,0.1952,0.2816,0.918,0.0,0.0,59.99,100.0
AGT_0037,12,254,0.8898,0.374,0.5157,0.4513,0.9027,0.153,0.2208,0.9557,0.0404,0.0,56.49,100.0
AGT_0038,1,355,0.8592,0.4169,0.4423,0.4361,0.8721,0.1183,0.1708,0.9397,0.0,0.0,53.92,100.0
AGT_0038,2,334,0.9102,0.4341,0.476,0.3914,0.7829,0.1007,0.1452,0.976,2.9613,0.4903,61.32,100.0
AGT_0038,3,321,0.8723,0.352,0.5202,0.45,0.9,0.1171,0.169,0.9902,0.4617,0.0,55.98,100.0
AGT_0038,4,318,0.8931,0.3994,0.4937,0.4261,0.8521,0.0857,0.1236,0.9618,0.4395,0.0,52.7,100.0
AGT_0038,5,342,0.9035,0.4211,0.4825,0.4272,0.8544,0.1337,0.1929,0.9275,0.4809,0.0,53.64,100.0
AGT_0038,6,283,0.8869,0.4205,0.4664,0.4183,0.8367,0.0986,0.1423,0.9857,5.0,1.0,73.3,100.0
AGT_0038,7,338,0.8728,0.3935,0.4793,0.4203,0.8407,0.1026,0.148,0.9805,0.5238,0.0,53.43,100.0
AGT_0038,8,316,0.8671,0.3829,0.4842,0.4489,0.8978,0.1589,0.2293,0.9758,0.5381,0.0,57.06,100.0
AGT_0038,9,306,0.902,0.3497,0.5523,0.4855,0.971,0.2035,0.2936,0.9863,0.0,0.0,61.13,100.0
AGT_0038,10,370,0.873,0.373,0.5,0.4303,0.8607,0.1253,0.1809,0.8736,0.0,0.0,52.18,100.0
AGT_0038,11,296,0.902,0.3514,0.5507,0.4195,0.839,0.1672,0.2413,0.9671,0.0,0.0,55.38,100.0
AGT_0038,12,249,0.8956,0.3494,0.5462,0.4305,0.861,0.1861,0.2685,0.9386,3.2986,0.5747,67.5,100.0
AGT_0039,1,369,0.916,0.4472,0.4688,0.4053,0.8107,0.1051,0.1516,0.8314,0.0,0.0,48.89,100.0
AGT_0039,2,323,0.8793,0.452,0.4272,0.4014,0.8028,0.136,0.1962,0.841,0.0,0.0,50.01,100.0
AGT_0039,3,341,0.8856,0.4692,0.4164,0.3775,0.755,0.0933,0.1347,0.9657,0.3706,0.0,50.16,100.0
AGT_0039,4,321,0.9159,0.4299,0.486,0.4184,0.8367,0.1106,0.1596,0.9903,0.0,0.0,53.85,100.0
AGT_0039,5,316,0.9209,0.4051,0.5158,0.4227,0.8454,0.1181,0.1704,0.9706,0.0,0.0,53.89,100.0
AGT_0039,6,329,0.8754,0.3951,0.4802,0.4306,0.8611,0.1425,0.2056,0.9548,4.5843,0.8961,72.76,100.0
AGT_0039,7,336,0.872,0.4226,0.4494,0.3891,0.7782,0.0851,0.1228,0.9966,0.0,0.0,51.33,100.0
AGT_0039,8,361,0.8864,0.3546,0.5319,0.4625,0.925,0.1439,0.2077,0.9709,0.0,0.0,57.21,100.0
AGT_0039,9,362,0.9171,0.395,0.5221,0.4428,0.8855,0.136,0.1962,0.9295,0.7588,0.0,54.71,100.0
AGT_0039,10,319,0.8966,0.3699,0.5266,0.4685,0.9371,0.1687,0.2434,0.935,0.819,0.0,57.57,100.0
AGT_0039,11,318,0.8994,0.3774,0.522,0.451,0.9021,0.1593,0.2298,0.9276,0.3783,0.0,56.0,100.0
AGT_0039,12,280,0.85,0.3393,0.5107,0.4454,0.8908,0.1524,0.2199,0.925,1.2968,0.0742,56.83,100.0
AGT_0040,1,337,0.8813,0.4688,0.4125,0.3771,0.7542,0.1297,0.1872,0.9217,0.0,0.0,50.35,100.0
AGT_0040,2,334,0.9132,0.4012,0.512,0.4361,0.8721,0.1438,0.2075,0.9351,0.0,0.0,54.73,100.0
AGT_0040,3,364,0.9011,0.4011,0.5,0.4207,0.8415,0.1159,0.1672,0.9267,5.0,1.0,72.59,100.0
AGT_0040,4,353,0.9037,0.4278,0.4759,0.3824,0.7649,0.1376,0.1985,0.9679,0.0969,0.0,52.11,100.0
AGT_0040,5,332,0.9006,0.4096,0.491,0.4214,0.8428,0.164,0.2366,0.9656,0.17,0.0,55.34,100.0
AGT_0040,6,311,0.8939,0.4084,0.4855,0.4245,0.8489,0.117,0.1688,0.9874,5.0,1.0,74.37,100.0
AGT_0040,7,357,0.8852,0.3922,0.493,0.4684,0.9367,0.164,0.2367,0.9576,0.5392,0.0,57.96,100.0
AGT_0040,8,338,0.9024,0.3876,0.5148,0.4525,0.9049,0.1399,0.2018,0.9817,0.0,0.0,56.73,100.0
AGT_0040,9,336,0.8929,0.4405,0.4524,0.43,0.86,0.1095,0.1581,0.9811,0.0,0.0,54.28,100.0
AGT_0040,10,309,0.8673,0.3657,0.5016,0.4664,0.9328,0.1467,0.2116,0.9774,0.3416,0.0,57.71,100.0
AGT_0040,11,306,0.9052,0.3889,0.5163,0.4477,0.8953,0.099,0.1428,0.9928,1.6347,0.1587,58.42,100.0
AGT_0040,12,282,0.9113,0.3652,0.5461,0.4514,0.9027,0.1515,0.2186,0.8785,0.0,0.0,54.51,100.0
