rep_id,policy_accuracy,discovery_skill,conflict_tolerance,technical_skill,credit_discipline,ownership_bias,emotional_regulation,aht_pressure_bias,strain_tier,weakness_tags,strength_tags
REP00001,0.5931085043988271,0.45820105820105816,0.5253263707571801,0.6991654965372766,0.22109626900046075,0.7010213400428666,0.7743589743589744,0.5463219490864113,low,credit_leak_risk,balanced
REP00002,0.2998533724340175,0.562610229276896,0.4172323759791122,0.4722021991400037,0.12943344081068642,0.4019802441524557,0.4412955465587044,0.35803228700705036,medium,policy_confusion|credit_leak_risk,balanced
REP00003,0.3005865102639294,0.5012345679012346,0.739425587467363,0.47896365214768544,0.704283740211884,0.6741682974559687,0.5099865047233468,0.4364572700007185,low,policy_confusion,balanced
REP00004,0.5355571847507331,0.7880070546737213,0.789556135770235,0.6151007346615376,0.5937356057116536,0.8522747181064205,0.8435897435897436,0.5489702676473722,low,none,thorough_probe|accountability_driven|deescalation_strong
REP00005,0.6249999999999999,0.5058201058201057,0.8537859007832899,0.7052524646949107,0.31483187471211427,0.6768865902525395,0.4461538461538461,0.3039946496807452,medium,credit_leak_risk,deescalation_strong
REP00006,0.1741202346041055,0.3340388007054672,0.3869451697127937,0.34218934725142663,0.02072777521879321,0.37198210791165787,0.1944669365721997,0.31465041328252547,high,discovery_gap|policy_confusion|credit_leak_risk,balanced
REP00007,0.3947947214076246,0.36225749559082876,0.6402088772845953,0.5222041819135111,0.5414555504375864,0.8382079955269779,0.5267206477732793,0.5204187821481185,low,none,accountability_driven
REP00008,0.854838709677419,0.43174603174603177,0.3697127937336814,0.7836676895043104,0.5937356057116536,0.7672863666014351,0.6932523616734143,0.5783441801997367,low,none,policy_expert|accountability_driven
REP00009,0.5117302052785925,0.7206349206349206,0.7885117493472584,0.539904537757868,0.7031321971441733,0.8889432485322897,0.6650472334682861,0.4294967663504733,low,none,accountability_driven|deescalation_strong
REP00010,0.4373167155425218,0.26596119929453255,0.5383812010443865,0.4629962208141598,0.267388300322432,0.39856304165501827,0.4658569500674763,0.4786421999161775,high,discovery_gap|credit_leak_risk,balanced
REP00011,0.9142228739002933,0.37777777777777777,0.36814621409921666,0.6748039496066882,0.4366651312759098,0.764583915758084,0.4999999999999999,0.5852106003200237,low,none,policy_expert|accountability_driven
REP00012,0.4725073313782991,0.4945326278659611,0.40678851174934727,0.5783799646499809,0.3293413173652695,0.8582844096542728,0.40040485829959527,0.45885306445294977,medium,credit_leak_risk,accountability_driven
REP00013,0.3977272727272728,0.2701940035273369,0.6151436031331592,0.38551431582007134,0.25909719023491484,0.6022504892367907,0.756140350877193,0.4903342803197105,medium,discovery_gap|credit_leak_risk,balanced
REP00014,0.4200879765395895,0.1763668430335097,0.7885117493472584,0.3832387657811191,0.43850760018424695,0.5722318516447675,0.5026990553306342,0.3869661179066539,medium,discovery_gap,deescalation_strong
REP00015,0.2525659824046919,0.20811287477954143,0.2652741514360314,0.3053397457986689,0.41363426992169505,0.37059547106513835,0.41363022941970307,0.4498344661102177,high,discovery_gap|policy_confusion|escalation_prone,balanced
REP00016,0.4923020527859236,0.5146384479717813,0.7159268929503917,0.5508406080609607,0.3965914325195763,0.5516196067468083,0.5762483130904184,0.45606592725120365,medium,none,balanced
REP00017,0.4582111436950146,0.18694885361552027,0.6798955613577023,0.39990226782405947,0.7747581759557808,0.6662482527257478,0.4936572199730095,0.5278741679618879,low,discovery_gap,balanced
REP00018,0.34127565982404673,0.22962962962962963,0.6073107049608355,0.41004630313344625,0.1715799170888992,0.49468269499580664,0.4599190283400809,0.6741976827771781,medium,discovery_gap|policy_confusion|speed_over_accuracy,balanced
REP00019,0.32184750733137824,0.3671957671957671,0.475195822454308,0.4303082460717642,0.33740211883924476,0.4341356816699282,0.4666666666666667,0.3670268402277128,high,policy_confusion|credit_leak_risk,balanced
REP00020,0.23607038123167157,0.41128747795414455,0.6,0.34665229693078387,0.3477660064486412,0.6003680924424565,0.5989203778677463,0.43262808431114486,medium,policy_confusion|credit_leak_risk,balanced
REP00021,0.656891495601173,0.4331569664902998,0.8475195822454309,0.5629248312005332,0.5274067250115154,0.577458764327649,0.538191632928475,0.5058147256241875,medium,none,deescalation_strong
REP00022,0.5139296187683283,0.44938271604938274,0.31070496083550925,0.5272818890537618,0.102257024412713,0.623940918833287,0.31106612685560064,0.5897738612188248,medium,escalation_prone|credit_leak_risk|reactive_under_stress,balanced
REP00023,0.69024926686217,0.5206349206349206,0.21253263707571812,0.7153617770495235,0.5854444956241363,0.6273646444879323,0.3175438596491229,0.5125890193756153,medium,escalation_prone|reactive_under_stress,balanced
REP00024,0.35923753665689134,0.6684303350970018,0.41514360313315923,0.567575069953812,0.38392445877475834,0.6724610940266518,0.3543859649122808,0.4076015857478411,medium,none,balanced
REP00025,0.6293988269794719,0.034567901234567766,0.06840731070496087,0.40782491309005575,0.3496084753569785,0.48334358400894617,0.41781376518218627,0.5086583409033528,medium,discovery_gap|escalation_prone|credit_leak_risk,balanced
REP00026,0.5084310850439884,0.3467372134038801,0.7556135770234986,0.5968747484905528,0.5041455550437586,0.6616401080980339,0.5997300944669366,0.5162075306526377,low,discovery_gap,deescalation_strong
REP00027,0.1008064516129031,0.6292768959435626,0.3096605744125327,0.39625987382137295,0.4154767388300322,0.8299086757990868,0.4751686909581646,0.35159001165629233,low,policy_confusion|escalation_prone,accountability_driven
REP00028,0.6103372434017593,0.5777777777777777,0.7117493472584857,0.6393013155458036,0.28558268079226157,0.5777895815860592,0.42523616734143055,0.4316945184670732,medium,credit_leak_risk,balanced
REP00029,0.11986803519061605,0.37989417989417984,0.8240208877284595,0.2861530423754839,0.3763242745278673,0.4232373497344145,0.2991902834008098,0.40109821901135956,high,policy_confusion|reactive_under_stress,deescalation_strong
REP00030,0.3376099706744866,0.4610229276895943,0.7289817232375979,0.5066680282362575,0.4629203132197145,0.6532354859752123,0.6522267206477732,0.5199543757788452,medium,policy_confusion,balanced
REP00031,0.2936217008797656,0.24656084656084643,0.7723237597911228,0.4231231339464108,0.41432519576232163,0.7624965054514958,0.5263157894736843,0.41046631040742787,medium,discovery_gap|policy_confusion,accountability_driven|deescalation_strong
REP00032,0.40615835777126097,0.35837742504409165,0.57911227154047,0.512964603878969,0.23399355135882083,0.5257413102227194,0.5263157894736843,0.5166273417083053,medium,credit_leak_risk,balanced
REP00033,0.4934017595307919,0.5305114638447972,0.34934725848563963,0.4882409810177274,0.5702441271303547,0.6632783524368653,0.27462887989203777,0.45503212679943505,medium,escalation_prone|reactive_under_stress,balanced
REP00034,0.3808651026392961,0.48077601410934745,0.5989556135770235,0.511509023475257,0.6545370796867803,0.37404901686702086,0.22928475033738194,0.5052614082221455,medium,reactive_under_stress,balanced
REP00035,0.8024193548387095,0.6652557319223985,0.41462140992167096,0.6813855367319046,0.5078304928604331,0.8375733855185912,0.6995951417004049,0.5491350885713255,low,none,policy_expert|accountability_driven
REP00036,0.47030791788856285,0.3851851851851851,0.5305483028720626,0.5792786591840896,0.3747121142330725,0.6192572919578792,0.009716599190283337,0.4173303539749521,medium,reactive_under_stress,balanced
REP00037,0.17302052785923758,0.5354497354497354,0.825065274151436,0.34830083147558194,0.5216490096729618,0.7353228962818004,0.33981106612685563,0.4379296143358136,medium,policy_confusion|reactive_under_stress,deescalation_strong
REP00038,0.38636363636363646,0.21481481481481468,0.26422976501305484,0.40701075503233786,0.44495624136342704,0.6495778585406766,0.30634278002699056,0.5000570372663043,medium,discovery_gap|escalation_prone|reactive_under_stress,balanced
REP00039,0.38526392961876815,0.4716049382716049,0.689817232375979,0.692631964809384,0.6842468908337171,0.7010679340229241,0.49082321187584355,0.3896467296257432,low,none,balanced
REP00040,0.4941348973607039,0.4455026455026454,0.4741514360313316,0.48074717156870794,0.6637494242284662,0.8752446183953033,0.7398110661268555,0.464291595754526,low,none,accountability_driven
REP00041,0.5795454545454545,0.3435626102292769,0.643864229765013,0.6175105370249255,0.5161216029479503,0.47065790699841575,0.3292847503373819,0.4879320048682983,medium,discovery_gap|reactive_under_stress,balanced
REP00042,0.04802052785923753,0.3640211640211639,0.48459530026109654,0.28779923275455876,0.5237217871948411,0.6280458484763771,0.7983805668016194,0.4411778027735209,low,policy_confusion,balanced
REP00043,0.8306451612903225,0.5724867724867724,0.5164490861618799,0.7141501852281615,0.46453247351450944,0.7273320287018916,0.5507422402159244,0.5698327661760063,low,none,policy_expert
REP00044,0.005131964809384412,0.18835978835978817,0.6339425587467362,0.12500136743000534,0.26577614002763716,0.5258848196812973,0.21767881241565457,0.40222358664310237,high,discovery_gap|policy_confusion|credit_leak_risk,balanced
REP00045,0.13379765395894416,0.492416225749559,0.46945169712793733,0.3305545690524804,0.0467526485490557,0.4299841580467806,0.178812415654521,0.3993383117919793,high,policy_confusion|credit_leak_risk|reactive_under_stress,balanced
REP00046,0.6462609970674487,0.4624338624338623,0.6736292428198434,0.6376788598446756,0.3737908797789037,0.5273832820799553,0.647638326585695,0.5397713308891187,medium,none,balanced
REP00047,0.020161290322580863,0.5195767195767196,0.1723237597911227,0.4050979646390416,0.3816213726393368,0.9254729288975865,0.42375168690958176,0.3779802321137144,low,policy_confusion|escalation_prone,accountability_driven
REP00048,0.4160557184750734,0.4349206349206348,0.5451697127937336,0.44330630314907415,0.22478120681713498,0.615103904575529,0.5106612685560054,0.5051902514364862,medium,credit_leak_risk,balanced
REP00049,0.2903225806451614,0.5700176366843033,0.6678851174934726,0.3676499660486665,0.26807922616305857,0.7778864970645792,0.6805668016194333,0.4258149269321863,low,policy_confusion|credit_leak_risk,accountability_driven
REP00050,0.5846774193548385,0.362610229276896,0.18642297650130557,0.5382752937434998,0.5865960386918471,0.5456173702357657,0.5232118758434549,0.5307335803270639,medium,escalation_prone,balanced
REP00051,0.5729472140762463,0.6850088183421517,0.6778067885117494,0.6307315340298632,0.31460156609857215,0.642528189357935,0.3130904183535762,0.45899495863260414,medium,credit_leak_risk|reactive_under_stress,balanced
REP00052,0.6565249266862171,0.146384479717813,0.2438642297650131,0.552882767100103,0.4974666052510365,0.6712328767123288,0.4858299595141701,0.5459288393000183,medium,discovery_gap|escalation_prone,balanced
REP00053,0.2730938416422287,0.18201058201058196,0.49765013054830287,0.35956850355492737,0.35352372178719504,0.6304668716801789,0.21201079622132257,0.39799975339770155,medium,discovery_gap|policy_confusion|reactive_under_stress,balanced
REP00054,0.8687683284457476,0.4645502645502645,0.2015665796344649,0.7109629012332654,0.5052970981114693,0.7047050601062343,0.37665317139001353,0.5553555057318258,medium,escalation_prone,policy_expert
REP00055,0.256231671554252,0.5576719576719575,0.4078328981723238,0.48529675770624925,0.3770152003684939,0.8191454664057404,0.44089068825910926,0.619209424345798,low,policy_confusion,accountability_driven
REP00056,0.4772727272727271,0.6677248677248677,0.5206266318537859,0.6668271443451298,0.7213265776140028,0.7765539092349267,0.5770580296896086,0.43522300033355615,low,none,accountability_driven
REP00057,0.45271260997067464,0.36790123456790114,0.2783289817232376,0.49161076808152704,0.4000460617227086,0.91617742987606,0.6823211875843455,0.4676941203245867,low,escalation_prone,accountability_driven
REP00058,0.0029325513196481775,0.14673721340388002,0.06422976501305488,0.2454044584469277,0.5557346844771995,0.5512831982107911,0.769770580296896,0.5559918626833406,medium,discovery_gap|policy_confusion|escalation_prone,balanced
REP00059,0.7027126099706743,0.4850088183421517,0.7780678851174935,0.6715001898774235,0.429064947029019,0.9085127201565559,0.5827260458839405,0.543619668798015,low,none,accountability_driven|deescalation_strong
REP00060,0.8918621700879763,0.36543209876543203,0.4506527415143603,0.8300238108633327,0.5900506678949793,0.4552763023017427,0.0,0.5414057002037402,high,reactive_under_stress,policy_expert
REP00061,0.8735337243401761,0.2701940035273369,0.827154046997389,0.7359941470088835,0.5472132657761402,0.7169872332494642,0.732523616734143,0.5624376329646321,low,discovery_gap,policy_expert|deescalation_strong
REP00062,0.42045454545454547,0.5100529100529101,0.21827676240208882,0.6001819756316159,0.5596499309074159,0.6175854999534061,0.45492577597840755,0.3837423939826802,medium,escalation_prone,balanced
REP00063,0.42302052785923766,0.30687830687830675,0.501827676240209,0.5624295285179481,0.5057577153385537,0.5833221507781194,0.3975708502024291,0.3935718162091523,medium,discovery_gap,balanced
REP00064,0.26356304985337226,0.22680776014109338,0.5801566579634465,0.4059621804023057,0.3155228005527406,0.5058782965240892,0.3900134952766532,0.4666378125201832,medium,discovery_gap|policy_confusion|credit_leak_risk,balanced
REP00065,0.280058651026393,0.7058201058201058,0.16553524804177544,0.5261204526115179,0.33671119299861807,0.1896878203336129,0.1554655870445344,0.35962415796638647,high,policy_confusion|escalation_prone|credit_leak_risk,balanced
REP00066,0.3977272727272728,0.7590828924162257,1.0,0.5956129036165008,0.6416397973284201,0.4563386450470599,0.7829959514170041,0.5350450664302415,low,none,thorough_probe|deescalation_strong
REP00067,0.47287390029325505,0.4514991181657848,0.3295039164490863,0.5079530705836113,0.3413173652694611,0.7203196347031964,0.7958164642375168,0.3965496368207986,low,escalation_prone|credit_leak_risk,balanced
REP00068,0.8555718475073314,0.30299823633156964,0.5409921671018276,0.8225367897275532,0.6038691847075082,0.8103392041748207,0.6763832658569501,0.5365188087375501,low,discovery_gap,policy_expert|accountability_driven
REP00069,0.6950146627565981,0.6514991181657848,0.5472584856396867,0.6661857219991357,0.4725932749884846,0.5699990681203989,0.5255060728744939,0.4051761039576872,medium,none,balanced
REP00070,0.24633431085043997,0.43421516754850087,0.7545691906005222,0.3320667024542634,0.4725932749884846,0.8980281427639552,0.6040485829959514,0.49641699721719634,medium,policy_confusion,accountability_driven|deescalation_strong
REP00071,0.5040322580645163,0.4194003527336859,0.7749347258485639,0.5332578023602624,0.5693228926761862,0.7125906252912124,0.4951417004048583,0.6108534648321915,medium,none,deescalation_strong
REP00072,0.5161290322580646,0.41234567901234553,0.47885117493472584,0.6296339272667888,0.20474435743896846,0.7524461839530334,0.6295546558704455,0.5238485671763393,low,credit_leak_risk,accountability_driven
REP00073,0.1979472140762465,0.5629629629629629,0.4835509138381201,0.4488270576109983,0.09442653155228009,0.48305190569378453,0.4584345479082321,0.4210454651319169,medium,policy_confusion|credit_leak_risk,balanced
REP00074,0.6671554252199414,0.5238095238095237,0.12167101827676252,0.7075452052824993,0.8491478581298941,0.8420277700121145,0.46356275303643724,0.5632483170511509,low,escalation_prone,accountability_driven
REP00075,0.40065982404692096,0.4239858906525573,0.4950391644908616,0.47491024775487534,0.418240442192538,0.7667747647004007,0.4516869095816465,0.5379415250590712,medium,none,accountability_driven
REP00076,0.05535190615835777,0.5940035273368607,0.4736292428198433,0.322773208608089,0.43090741593735604,0.4364131954151525,0.4843454790823212,0.5305410795532864,medium,policy_confusion,balanced
REP00077,0.6352639296187683,0.08500881834215157,0.39164490861618795,0.4484606352063999,0.4175495163519116,0.8044683626875407,0.6780026990553306,0.5765865097358979,low,discovery_gap,accountability_driven
REP00078,0.30938416422287396,0.23139329805996467,0.6198433420365534,0.45764971600432264,0.4359742054352833,0.6248364551299972,0.5130904183535763,0.40270868300113327,medium,discovery_gap|policy_confusion,balanced
REP00079,0.3742668621700878,0.4211640211640211,0.8689295039164491,0.4625131273280495,0.5584983878397052,0.7379489329978568,0.58582995951417,0.4091253754603872,low,none,deescalation_strong
REP00080,0.31378299120234604,1.0,0.3869451697127937,0.6503633847565153,0.5948871487793644,0.699825738514584,0.5542510121457489,0.39774881738540613,low,policy_confusion,thorough_probe
REP00081,0.3024193548387097,0.3862433862433863,0.043342036553524865,0.5153183904489312,0.47973284200829114,0.631983039791259,0.5543859649122806,0.3779339592334526,medium,policy_confusion|escalation_prone,balanced
REP00082,0.42998533724340154,0.26102292768959423,0.4161879895561357,0.5007640515153857,0.4391985260248733,0.46314416177429885,0.47017543859649125,0.3763482393518554,medium,discovery_gap,balanced
REP00083,0.18291788856305002,0.3576719576719577,0.3404699738903395,0.3086185499303392,0.34523261169967767,0.7874746062808686,0.7246963562753037,0.4699687609129206,low,policy_confusion|escalation_prone|credit_leak_risk,accountability_driven
REP00084,0.8636363636363636,0.654673721340388,0.7744125326370758,0.7309122399050456,0.5467526485490557,0.7811648495014445,0.4290148448043186,0.5720147212065956,medium,none,policy_expert|accountability_driven|deescalation_strong
REP00085,0.5128299120234604,0.48818342151675476,0.7530026109660575,0.5381895363474616,0.2236296637494244,0.651994222346473,0.39892037786774626,0.40010719650931936,medium,credit_leak_risk,deescalation_strong
REP00086,0.1990469208211144,0.4691358024691358,0.5697127937336814,0.42552932238764213,0.22961768770152002,0.3921759388686982,0.2620782726045885,0.2874953622271822,high,policy_confusion|credit_leak_risk|reactive_under_stress,balanced
REP00087,0.3097507331378299,0.08677248677248661,0.35718015665796343,0.2932979618260426,0.6266697374481807,0.714037834311807,0.3860998650472335,0.48644623999995523,medium,discovery_gap|policy_confusion,balanced
REP00088,0.42118768328445744,0.3506172839506173,1.0,0.5331358080690873,0.5559649930907415,0.6613493616624733,0.482995951417004,0.613624525353484,medium,none,deescalation_strong
REP00089,0.691715542521994,0.050088183421516774,0.8997389033942559,0.568213220235151,0.2913403961308154,0.6365101108936727,0.4106612685560054,0.6066057262619426,medium,discovery_gap|credit_leak_risk,deescalation_strong
REP00090,0.4857038123167157,0.49276895943562604,0.3697127937336814,0.6677120180688295,0.289267618608936,0.6522905600596405,0.7225371120107962,0.37786811474220416,low,credit_leak_risk,balanced
REP00091,0.2184750733137829,0.34638447971781294,0.0,0.2840310351913972,0.33302625518194395,0.4049864877457834,0.3792172739541161,0.33534990825108363,high,discovery_gap|policy_confusion|escalation_prone,balanced
REP00092,0.850439882697947,0.22045855379188717,0.7973890339425588,0.6479750705789228,0.6296637494242285,0.5048066349827603,0.07624831309041835,0.6508020585979625,high,discovery_gap|speed_over_accuracy|reactive_under_stress,policy_expert|deescalation_strong
REP00093,0.5744134897360705,0.5015873015873016,0.47101827676240204,0.6134790603489837,0.18401658222017525,0.60929829466033,0.2615384615384615,0.508984767415169,medium,credit_leak_risk|reactive_under_stress,balanced
REP00094,0.1400293255131965,0.48183421516754843,0.6652741514360313,0.4166706712831104,0.1543067710732383,0.35459323455409564,0.285425101214575,0.4057049568459956,medium,policy_confusion|credit_leak_risk|reactive_under_stress,balanced
REP00095,1.0,0.33544973544973533,0.7117493472584857,0.89195310418332,0.839705204974666,0.5466769173422794,0.7340080971659919,0.60804689581668,medium,discovery_gap,policy_expert
REP00096,0.9175219941348971,0.33686067019400345,0.8193211488250653,0.7649160730066973,0.616305849838784,0.8197977821265494,0.520242914979757,0.6209173269988415,low,discovery_gap,policy_expert|accountability_driven|deescalation_strong
REP00097,0.8218475073313785,0.4793650793650793,0.4527415143603133,0.7617097915020867,0.15891294334408124,0.7192871121051161,0.5886639676113361,0.4173146966861627,medium,credit_leak_risk,policy_expert
REP00098,0.6601906158357772,0.3291005291005291,0.6391644908616188,0.6513050068254292,0.4315983417779825,0.8821815301463051,0.7570850202429149,0.49026284393960873,low,discovery_gap,accountability_driven
REP00099,0.719574780058651,0.45079365079365075,0.8694516971279374,0.6762009258673218,0.5324735145094427,0.7020790233901781,0.2261808367071525,0.5057270727664109,medium,reactive_under_stress,deescalation_strong
REP00100,0.9171554252199411,0.928395061728395,0.26788511749347266,0.817623809066139,0.5988023952095809,0.6125263255987327,0.706612685560054,0.5811427807736322,low,escalation_prone,thorough_probe|policy_expert
REP00101,0.4915689149560116,0.6119929453262787,0.8532637075718016,0.7159416650452853,0.5902809765085215,0.8016960208741032,0.6904183535762483,0.46478507994583695,low,none,accountability_driven|deescalation_strong
REP00102,0.11583577712609955,0.4754850088183421,0.45900783289817226,0.33756084086787264,0.3836941501612162,0.3457422421023205,0.37908232118758445,0.4172790483947225,medium,policy_confusion,balanced
REP00103,0.4270527859237538,0.6966490299823633,0.6872062663185379,0.5559191454265717,0.4348226623675726,0.49529773553256917,0.8299595141700404,0.39930014715055523,medium,none,balanced
REP00104,0.4175219941348973,0.7160493827160495,0.3597911227154047,0.635619510256897,0.6909258406264395,0.8451057683347313,0.3927125506072875,0.44425026610401097,low,none,accountability_driven
REP00105,0.49816715542521994,0.3336860670194003,0.8078328981723237,0.4984840573289169,0.3763242745278673,0.48775510204081657,0.22564102564102562,0.5869059212231474,medium,discovery_gap|reactive_under_stress,deescalation_strong
REP00106,0.5597507331378301,0.4888888888888888,0.21984334203655365,0.6415859980637192,0.5992630124366651,0.7768390643928804,0.6229419703103913,0.3873274937238037,low,escalation_prone,accountability_driven
REP00107,0.7426686217008797,0.799647266313933,0.5446475195822454,0.8149793947832935,0.6916167664670659,0.8561550647656324,0.799055330634278,0.426939036388937,low,none,thorough_probe|accountability_driven
REP00108,0.5967741935483872,0.4070546737213404,0.5566579634464752,0.6178648479066209,0.3682634730538923,0.5831944832727611,0.6732793522267206,0.4306096920295174,medium,none,balanced
REP00109,0.6898826979472141,0.365079365079365,0.43446475195822454,0.6408379650141081,0.3403961308152925,0.6739483738700961,0.41363022941970307,0.5022845661910484,medium,credit_leak_risk,balanced
REP00110,0.5689149560117301,0.32239858906525565,0.3295039164490863,0.6421713069427155,0.55043758636573,0.5128226633119001,0.6539811066126856,0.34637851104216316,medium,discovery_gap|escalation_prone,balanced
REP00111,0.8522727272727273,0.35343915343915333,0.42819843342036557,0.7268291427464089,0.5343159834177797,0.5273292330630882,0.4529014844804319,0.5071071509354252,medium,none,policy_expert
REP00112,0.19831378299120245,0.32627865961199287,0.6224543080939948,0.3259088232835042,0.2954859511745741,0.5498238747553816,0.4211875843454791,0.43764121266820044,medium,discovery_gap|policy_confusion|credit_leak_risk,balanced
REP00113,0.3185483870967741,0.3851851851851851,0.3676240208877285,0.5496285767085255,0.31874712114233084,0.8331702544031312,0.6631578947368421,0.5606774461508094,low,policy_confusion|credit_leak_risk,accountability_driven
REP00114,0.048753665689149475,0.31992945326278643,0.4872062663185378,0.19717193010010362,0.34822662367572543,0.884247507222067,0.4113360323886641,0.43441021928871737,medium,discovery_gap|policy_confusion|credit_leak_risk,accountability_driven
REP00115,0.9343841642228738,0.25502645502645493,0.506005221932115,0.8054548052662464,0.5209580838323353,0.6670086664802909,0.5597840755735493,0.4690125479189925,medium,discovery_gap,policy_expert
REP00116,0.3966275659824045,0.48677248677248675,0.8496083550913838,0.49421039903170316,0.4488714877936436,0.793487093467524,0.7118758434547908,0.4924909320532382,low,none,accountability_driven|deescalation_strong
REP00117,0.07111436950146617,0.5559082892416225,0.3456919060052219,0.4039291538421267,0.35168125287885776,0.7289013139502376,0.061268556005398156,0.33764412045040426,medium,policy_confusion|escalation_prone|reactive_under_stress,balanced
REP00118,0.593475073313783,0.7573192239858906,0.5697127937336814,0.7269267186446347,0.790649470290189,0.8653061224489796,0.47165991902834015,0.5045782192014838,medium,none,thorough_probe|accountability_driven
REP00119,0.7140762463343107,0.39435626102292753,0.6845953002610966,0.5944481951096013,0.6140027637033625,0.5991324200913242,0.35910931174089067,0.4626598825871099,medium,none,balanced
REP00120,0.7661290322580643,0.5562610229276896,0.8819843342036554,0.7100029653696396,0.32680792261630587,0.42846798993570034,0.7309041835357625,0.3946425231273534,medium,credit_leak_risk,policy_expert|deescalation_strong
REP00121,0.44978005865102644,0.5135802469135802,0.35718015665796343,0.491343533189089,0.3380930446798711,0.5923772248625478,0.4616734143049932,0.47891200855335314,medium,credit_leak_risk,balanced
REP00122,0.5395894428152491,0.366137566137566,0.7007832898172324,0.5061389793346164,0.2402118839244589,0.5124294101202126,0.501349527665317,0.5029002331538057,medium,credit_leak_risk,balanced
REP00123,0.8471407624633429,0.4599647266313933,0.6313315926892951,0.7270609221322843,0.7280055274067251,0.7972928897586432,0.48191632928475026,0.4997623447237312,low,none,policy_expert|accountability_driven
REP00124,0.39956011730205265,0.34285714285714275,0.2511749347258486,0.44611632297290216,0.21418701059419643,0.3199562016587458,0.4469635627530364,0.434146421932059,high,discovery_gap|escalation_prone|credit_leak_risk,balanced
REP00125,0.39699413489736085,0.0,0.3483028720626632,0.34478004106978344,0.5773836941501613,0.5070300997111175,0.38448043184885294,0.48628085988711656,medium,discovery_gap|escalation_prone,balanced
REP00126,0.28848973607038114,0.46172839506172836,0.20939947780678858,0.4717162242835252,0.25380009212344556,0.7671232876712331,0.2585695006747638,0.45864266963484124,medium,policy_confusion|escalation_prone|credit_leak_risk,accountability_driven
REP00127,0.6198680351906158,0.45220458553791887,0.5963446475195822,0.5918418246829711,0.636803316444035,0.9085127201565559,0.6978407557354925,0.5769589295335331,low,none,accountability_driven
REP00128,0.685850439882698,0.5005291005291005,0.7932114882506528,0.7660533840767074,0.4599263012436665,0.7315581026931322,0.3900134952766532,0.4931012867215845,medium,none,deescalation_strong
REP00129,0.22690615835777148,0.4310405643738977,0.6255874673629243,0.47303208264278124,0.39705204974666053,0.48330351318609643,0.41443994601889345,0.41062036694533843,medium,policy_confusion,balanced
REP00130,0.7470674486803517,0.6388007054673721,0.8966057441253263,0.7105974067275993,0.5589590050667896,0.7929596496132701,0.5541160593792172,0.4576197733663365,low,none,accountability_driven|deescalation_strong
REP00131,0.4002932551319646,0.25396825396825384,0.6600522193211489,0.45567553777115155,0.586365730078305,0.6682033361289722,0.30688259109311744,0.4218058222187553,medium,discovery_gap|reactive_under_stress,balanced
REP00132,0.35557184750733123,0.16190476190476188,0.7754569190600522,0.3580417191173747,0.440350069092584,0.5387298481036251,0.5908232118758434,0.5257602941780888,medium,discovery_gap,deescalation_strong
REP00133,0.719574780058651,0.5107583774250442,0.8950391644908616,0.7256280508340152,0.37770612620912025,0.6538132513279284,0.37786774628879893,0.4389862017346598,medium,none,deescalation_strong
REP00134,0.7463343108504398,0.674074074074074,0.6349869451697128,0.7342116531603651,0.400736987563335,0.5198779237722488,0.41808367071524977,0.49082678593047224,medium,none,balanced
REP00135,0.3753665689149561,0.655379188712522,0.643864229765013,0.5435319388672837,0.38783970520497457,0.7046640574037836,0.37732793522267216,0.29420381148736124,medium,none,balanced
REP00136,0.32404692082111447,0.025044091710758387,0.2595300261096607,0.24489050011212926,0.33072316904652244,0.32609169695275375,0.3929824561403509,0.41713296029842795,high,discovery_gap|policy_confusion|escalation_prone,balanced
REP00137,0.6579912023460409,0.7485008818342151,0.528981723237598,0.7353371945649736,0.5449101796407186,0.9306914546640574,0.6836707152496626,0.4960718378777215,low,none,accountability_driven
REP00138,0.39442815249266866,0.10405643738977066,0.36240208877284597,0.21240192596655819,0.488945186549977,0.23311247786785957,0.40512820512820513,0.5684078130989436,medium,discovery_gap,balanced
REP00139,0.4662756598240468,0.31005291005291,0.40574412532637083,0.5278354051851383,0.3010133578995855,0.434971577672165,0.2058029689608637,0.36497363843797304,medium,discovery_gap|credit_leak_risk|reactive_under_stress,balanced
REP00140,0.566348973607038,0.7128747795414462,0.49451697127937333,0.6923138419860395,0.36549976969138653,0.6269229335569844,0.4364372469635628,0.42314466020747576,medium,none,balanced
REP00141,0.5432551319648093,0.728042328042328,0.1953002610966058,0.6900927938001504,0.6024873330262552,0.3675743173981922,0.5384615384615385,0.4164420824305928,medium,escalation_prone,balanced
REP00142,0.5564516129032259,0.5597883597883597,0.8558746736292429,0.5462780313383702,0.43620451404882554,0.6915021899170629,0.48002699055330633,0.5364248650048132,medium,none,deescalation_strong
REP00143,0.6077712609970676,0.5904761904761904,0.4877284595300261,0.7937603973517178,0.39290649470290206,0.7485341533873825,0.5238866396761134,0.3569248134196386,low,none,balanced
REP00144,0.0,0.582363315696649,0.7321148825065275,0.36903810285105243,0.5875172731460157,0.6657021712794707,0.5357624831309042,0.364610025865282,medium,policy_confusion,balanced
REP00145,0.5725806451612903,0.5410934744268077,0.21357702349869456,0.5235671677711593,0.147627821280516,0.7206597707576182,0.316059379217274,0.5588057011543617,medium,escalation_prone|credit_leak_risk|reactive_under_stress,balanced
REP00146,0.3940615835777127,0.22045855379188717,0.731070496083551,0.46361752240436394,0.5241824044219254,0.6752968036529682,0.6815114709851552,0.5695447839000574,low,discovery_gap,balanced
REP00147,0.6737536656891493,0.3911816578483246,0.5420365535248042,0.6110574883201942,0.27890373099953936,0.5824573665082472,0.35452091767881244,0.6236857313729289,medium,credit_leak_risk,balanced
REP00148,0.6605571847507331,0.06278659611992943,0.2866840731070496,0.5161299113202107,0.5094426531552281,0.6059220948653434,0.5763832658569501,0.4760934169768068,medium,discovery_gap|escalation_prone,balanced
REP00149,0.6315982404692081,0.2098765432098766,0.660574412532637,0.5088446837837647,0.6128512206356518,0.8527397260273973,1.0,0.556342334317226,low,discovery_gap,accountability_driven
REP00150,0.42485337243401755,0.5248677248677249,0.781201044386423,0.6355548503523671,0.43735605711653625,0.6003121796663873,0.5797570850202429,0.2582289537380239,medium,none,deescalation_strong
REP00151,0.6301319648093843,0.3206349206349206,0.6281984334203655,0.5442159957273673,0.3099953938277292,0.8145820519988818,0.1380566801619434,0.5412242434104482,medium,discovery_gap|credit_leak_risk|reactive_under_stress,accountability_driven
REP00152,0.37903225806451624,0.6966490299823633,0.8407310704960835,0.5737420816035345,0.49147858129894073,0.7563516913614761,0.3089068825910931,0.44421056369315165,medium,reactive_under_stress,accountability_driven|deescalation_strong
REP00153,0.009897360703812447,0.19012345679012332,0.47832898172323757,0.16202302087948406,0.5207277752187933,0.4063610101574877,0.7568151147098515,0.393642693400369,medium,discovery_gap|policy_confusion,balanced
REP00154,0.4934017595307919,0.3460317460317459,0.7420365535248041,0.503562057489883,0.38093044679871024,0.4407287298481038,0.5214574898785425,0.3961643556788008,medium,discovery_gap,balanced
REP00155,0.05095307917888571,0.17425044091710762,0.20835509138381214,0.1892122177136101,0.23076923076923095,0.4164551299972046,0.5719298245614035,0.4224832795533424,medium,discovery_gap|policy_confusion|escalation_prone,balanced
REP00156,0.5410557184750735,0.3202821869488536,0.5315926892950391,0.48222516805714766,0.5126669737448182,0.4917565930481784,0.3700404858299595,0.4680858321387661,medium,discovery_gap,balanced
REP00157,0.3335777126099705,0.1453262786596119,0.48459530026109654,0.4536260532141246,0.46361123906034096,0.781240331749138,0.4784075573549258,0.5005010332412629,low,discovery_gap|policy_confusion,accountability_driven
REP00158,0.48936950146627584,0.2028218694885362,0.4046997389033943,0.3467364427128875,0.3247351450944266,0.5010017705712424,0.5008097165991903,0.5730095182336117,medium,discovery_gap|credit_leak_risk,balanced
REP00159,0.36473607038123174,0.2098765432098766,0.17754569190600522,0.26510184814025617,0.5836020267157993,0.5634628645978939,0.3642375168690959,0.6916628292329411,medium,discovery_gap|escalation_prone|speed_over_accuracy,balanced
REP00160,0.13966275659824054,0.4853615520282186,0.1759791122715405,0.33655133566655965,0.4640718562874252,0.2500251607492313,0.5186234817813765,0.40851613916981133,medium,policy_confusion|escalation_prone,balanced
REP00161,0.6162023460410557,0.48818342151675476,1.0,0.6648824146938559,0.6174573929064948,0.8272994129158513,0.22982456140350882,0.47585254636444746,low,reactive_under_stress,accountability_driven|deescalation_strong
REP00162,0.3922287390029324,0.33650793650793653,0.556135770234987,0.45310877397788507,0.3431598341777983,0.7695154226073991,0.2650472334682862,0.38378908625460595,medium,discovery_gap|credit_leak_risk|reactive_under_stress,accountability_driven
REP00163,0.4149560117302051,0.544620811287478,0.4678851174934726,0.47686249827117766,0.44933210502072785,0.47848196812971766,0.14116059379217283,0.43190966639070694,medium,reactive_under_stress,balanced
REP00164,0.3588709677419354,0.32380952380952377,0.13263707571801564,0.4985135547475997,0.40050667894979286,0.31522225328487574,0.35816464237516865,0.47647981649657545,medium,discovery_gap|escalation_prone,balanced
REP00165,0.4387829912023461,0.43174603174603177,0.6344647519582245,0.497702180386678,0.34385076001842463,0.7717696393625945,0.42645074224021606,0.6087127499818963,medium,credit_leak_risk,accountability_driven
REP00166,0.5681818181818182,0.512169312169312,0.562402088772846,0.544149528861759,0.15707047443574396,0.7575016307893021,0.5661268556005398,0.5608577845663308,medium,credit_leak_risk,accountability_driven
REP00167,0.43475073313782997,0.2645502645502644,0.633420365535248,0.45918192132511004,0.5660985720865961,0.7232755567980618,0.29163292847503386,0.5990468905043854,medium,discovery_gap|reactive_under_stress,balanced
REP00168,0.6697214076246333,0.30793650793650795,0.9691906005221932,0.6444796753017916,0.49309074159373567,0.7064979964588576,0.5670715249662619,0.45131142375361694,medium,discovery_gap,deescalation_strong
REP00169,0.3420087976539591,0.599647266313933,0.7227154046997388,0.4758272072469103,0.18056195301704292,0.7059630975677943,0.6201079622132254,0.5125958694394606,medium,policy_confusion|credit_leak_risk,balanced
REP00170,0.11840175953079175,0.2282186948853615,0.4386422976501305,0.27249690960818823,0.04329801934592359,0.13945578231292519,0.3278002699055331,0.29072635560666543,high,discovery_gap|policy_confusion|credit_leak_risk,balanced
REP00171,0.5740469208211142,0.13791887125220448,0.7154046997389034,0.45395658058108734,0.21695071395670207,0.4411303699562017,0.40458839406207836,0.5397825146668254,medium,discovery_gap|credit_leak_risk,balanced
REP00172,0.17851906158357755,0.7241622574955908,0.6537859007832898,0.49306981589703786,0.528327959465684,0.8475212002609265,0.4464237516869095,0.35029954350615344,low,policy_confusion,accountability_driven
REP00173,0.2932551319648092,0.5333333333333332,0.16710182767624016,0.4601101132779015,0.3728696453247352,0.46390364364924064,0.6597840755735493,0.3946321781329746,medium,policy_confusion|escalation_prone,balanced
REP00174,0.09420821114369521,0.42680776014109345,0.383289817232376,0.39042944530006496,0.5039152464302166,0.6419923585872707,0.4523616734143049,0.3158212150112019,low,policy_confusion,balanced
REP00175,0.5278592375366569,0.2772486772486771,0.9618798955613577,0.603391382690524,0.8030861354214648,0.5737470878762465,0.6834008097165991,0.6054490440526208,low,discovery_gap,deescalation_strong
REP00176,0.08797653958944288,0.2955908289241622,0.6825065274151436,0.23037249574729268,0.6142330723169047,0.6659230267449447,0.4523616734143049,0.5603803770554735,medium,discovery_gap|policy_confusion,balanced
REP00177,0.3691348973607038,0.41869488536155197,1.0,0.4920547921389183,0.3291110087517274,0.8124620259062529,0.30512820512820504,0.43385578350890475,medium,credit_leak_risk|reactive_under_stress,accountability_driven|deescalation_strong
REP00178,0.5733137829912022,0.6409171075837743,0.43080939947780683,0.6235873471310927,0.4942422846614464,0.643942782592489,0.42887989203778676,0.5215865083379256,low,none,balanced
REP00179,0.6704545454545455,0.07654320987654317,0.6052219321148825,0.5450594070198387,0.2455089820359282,0.7124937098126923,0.2261808367071525,0.733504696767245,medium,discovery_gap|speed_over_accuracy|credit_leak_risk,balanced
REP00180,0.41385630498533715,0.18765432098765422,0.7018276762402089,0.4637893302171556,0.5193459235375404,0.7278091510576834,0.4553306342780028,0.6446778219257403,medium,discovery_gap,balanced
REP00181,0.6726539589442814,0.5731922398589064,0.9347258485639687,0.5772009469648132,0.4173192077383695,0.5818264840182649,0.6462887989203778,0.5618542591600033,low,none,deescalation_strong
REP00182,0.22690615835777148,0.7583774250440917,0.6783289817232376,0.3644522798183741,0.5511285122063565,0.44214798248066356,0.5993252361673413,0.4632365461251148,medium,policy_confusion,thorough_probe
REP00183,0.7265395894428153,0.7195767195767195,0.9263707571801567,0.7778714467331316,0.693228926761861,0.7142456434628648,0.5842105263157894,0.5252374525702979,low,none,deescalation_strong
REP00184,0.007697947214076211,0.3791887125220459,0.36501305483028723,0.23592997547221256,0.33878397052049747,0.19259621656881928,0.30391363022941975,0.3198602363299986,high,policy_confusion|credit_leak_risk|reactive_under_stress,balanced
REP00185,0.3559384164222872,0.3880070546737213,0.7321148825065275,0.4442894853227876,0.451174573929065,0.6631395023762932,0.4268556005398111,0.32269686174809725,medium,none,balanced
REP00186,0.4134897360703812,0.5576719576719575,0.2553524804177546,0.5432756434148869,0.4131736526946107,0.6903736837200636,0.0626180836707152,0.5242597108042841,medium,escalation_prone|reactive_under_stress,balanced
REP00187,0.8075513196480939,0.4335097001763668,0.7007832898172324,0.7215214631813611,0.5555043758636573,0.7351598173515982,0.565587044534413,0.6766578342782226,low,speed_over_accuracy,policy_expert
REP00188,0.18548387096774183,0.25643738977072306,0.4182767624020888,0.29911017422621033,0.36573007830492865,0.428244338831423,0.27071524966261806,0.38981923939687013,medium,discovery_gap|policy_confusion|reactive_under_stress,balanced
REP00189,0.7170087976539589,0.6670194003527337,0.9994778067885117,0.7648459922189326,1.0,0.7896281800391389,0.32995951417004055,0.43468673819251685,low,reactive_under_stress,accountability_driven|deescalation_strong
REP00190,0.40432551319648113,0.5858906525573191,0.32010443864229776,0.5075184720258985,0.4596959926301244,0.45293821638244347,0.33630229419703106,0.37075481272904026,medium,escalation_prone|reactive_under_stress,balanced
REP00191,0.7514662756598238,0.7499118165784833,0.6772845953002611,0.718658797302334,0.2931828650391526,0.5862510483645513,0.41241565452091766,0.6226217347213518,medium,credit_leak_risk,policy_expert
REP00192,0.13929618768328456,0.49876543209876534,0.17963446475195832,0.35541947673532726,0.34385076001842463,0.29731991426707677,0.3153846153846154,0.37844687523852905,high,policy_confusion|escalation_prone|credit_leak_risk,balanced
REP00193,0.7862903225806451,0.3410934744268076,0.9895561357702349,0.7003660512450254,0.9456471672040534,0.9289507035690989,0.24723346828609993,0.6791379767819183,low,discovery_gap|speed_over_accuracy|reactive_under_stress,policy_expert|accountability_driven|deescalation_strong
REP00194,0.14699413489736077,0.7474426807760142,0.9415143603133159,0.4481306938808679,0.44403500690925846,0.6745112291491939,0.40094466936572204,0.5052194690557452,medium,policy_confusion,deescalation_strong
REP00195,0.8031524926686214,0.47830687830687824,0.5545691906005221,0.7207875439628745,0.29940119760479045,0.4946267822197373,0.47462887989203784,0.5296869185309325,medium,credit_leak_risk,policy_expert
REP00196,0.7628299120234605,0.38342151675485003,0.6214099216710183,0.6898348867338192,0.4401197604790419,0.7436399217221135,0.41862348178137654,0.6037871346853961,low,none,policy_expert
REP00197,0.7752932551319648,0.37319223985890637,0.5775456919060052,0.706991151946478,0.5532012897282359,0.4719401733296058,0.7908232118758435,0.3739048635173709,medium,none,policy_expert
REP00198,0.6315982404692081,0.5647266313932979,0.9509138381201044,0.6489992268160056,0.8185168125287886,0.7857142857142858,0.6024291497975709,0.5959709322433622,low,none,accountability_driven|deescalation_strong
REP00199,0.16715542521994123,0.32204585537918873,0.4485639686684073,0.2533085945710684,0.24873330262551818,0.7005013512254219,0.36288798920377874,0.41631318939252243,medium,discovery_gap|policy_confusion|credit_leak_risk,balanced
REP00200,0.4178885630498533,0.5774250440917108,0.8,0.5766501168566612,0.4813450023030862,0.5658810921628926,0.3354925775978408,0.42732739306980433,medium,reactive_under_stress,deescalation_strong
REP00201,0.27016129032258057,0.3396825396825397,0.5671018276762403,0.3703590890728278,0.1358820819898665,0.35705712421955105,0.5889338731443995,0.4217694749412082,medium,discovery_gap|policy_confusion|credit_leak_risk,balanced
REP00202,0.6928152492668622,0.32839506172839494,0.5906005221932115,0.5347902518649792,0.5757715338553662,0.42185537228590064,0.3155195681511471,0.6185428711944749,medium,discovery_gap|reactive_under_stress,balanced
REP00203,0.3339442815249265,0.3058201058201059,0.5926892950391645,0.46420102432228205,0.39083371718102267,0.6435094585779517,0.41052631578947374,0.6207494305360188,medium,discovery_gap|policy_confusion,balanced
REP00204,0.7228739002932552,0.4525573192239858,0.34516971279373376,0.6837124630696225,0.5617227084292953,0.6949007548224772,0.6932523616734143,0.49444361964083855,low,escalation_prone,balanced
REP00205,0.6510263929618767,0.3562610229276896,0.8187989556135771,0.5571945180903175,0.6015660985720866,0.9132420091324203,0.6628879892037787,0.6280598466312644,low,none,accountability_driven|deescalation_strong
REP00206,0.5689149560117301,0.30335097001763656,0.802088772845953,0.6064665374249965,0.46222938737908803,0.5900531171372658,0.48191632928475026,0.4348989503745028,medium,discovery_gap,deescalation_strong
REP00207,0.33431085043988285,0.13968253968253963,0.44804177545691903,0.3949731710232987,0.3496084753569785,0.6537573385518591,0.3055330634278003,0.4837947061029036,medium,discovery_gap|policy_confusion|credit_leak_risk,balanced
REP00208,0.49523460410557174,0.4465608465608465,0.19999999999999996,0.6175879921673608,0.5103638876093967,0.597141925263256,0.30809716599190295,0.2688890510536657,medium,escalation_prone|reactive_under_stress,balanced
REP00209,0.5711143695014663,0.7682539682539682,0.8480417754569191,0.6571265958884895,0.567480423767849,0.6629633771316746,0.5782726045883941,0.5182522048118763,low,none,thorough_probe|deescalation_strong
REP00210,0.4860703812316717,0.6229276895943563,0.6699738903394256,0.5184148868588414,0.3650391524643023,0.8445037741123849,0.30688259109311744,0.4077262848692714,medium,reactive_under_stress,accountability_driven
REP00211,0.41422287390029316,0.31428571428571417,0.9143603133159269,0.5678894811814282,0.5338553661906955,0.5552315720808871,0.3993252361673415,0.5161019837505302,medium,discovery_gap,deescalation_strong
REP00212,0.28445747800586507,0.4405643738977072,0.5389033942558747,0.4017544517660554,0.474666052510364,0.7124815953778771,0.7800269905533064,0.5094494533788849,low,policy_confusion,balanced
REP00213,0.4934017595307919,0.2938271604938272,0.2877284595300261,0.5067594995362459,0.6262091202210963,0.6605908116671326,0.441025641025641,0.6215433389559775,medium,discovery_gap|escalation_prone,balanced
REP00214,0.22140762463343108,0.09065255731922395,0.29086161879895556,0.3110768472221246,0.7151082450483648,0.7371307427080421,0.8172739541160594,0.4753877206035102,low,discovery_gap|policy_confusion|escalation_prone,balanced
REP00215,0.49303519061583595,0.41869488536155197,0.2475195822454309,0.5777193006103427,0.4956241363426993,0.5509626316279936,0.02361673414304999,0.4743247025324825,medium,escalation_prone|reactive_under_stress,balanced
REP00216,0.35117302052785915,0.27089947089947086,0.8010443864229766,0.4497671657395491,0.7052049746660525,0.622366042307334,0.23562753036437245,0.5421887044404349,medium,discovery_gap|reactive_under_stress,deescalation_strong
REP00217,0.4332844574780057,0.2835978835978835,0.3577023498694516,0.4619126790454243,0.380469829571626,0.8625244618395305,0.5522267206477733,0.5634039113584963,low,discovery_gap,accountability_driven
REP00218,0.19208211143695011,0.40388007054673725,0.827154046997389,0.373685606744321,0.3562874251497007,0.5521330724070452,0.5650472334682861,0.45985107681605686,medium,policy_confusion,deescalation_strong
REP00219,0.42998533724340154,0.4335097001763668,0.43080939947780683,0.5308732974519699,0.246660525103639,0.47229149193924147,0.43036437246963577,0.48317498502072775,medium,credit_leak_risk,balanced
REP00220,0.5153958944281526,0.3686067019400352,0.556135770234987,0.510962002636405,0.2768309534776603,0.7563563507594819,0.4616734143049932,0.5767464377571045,medium,credit_leak_risk,accountability_driven
REP00221,0.7137096774193546,0.6366843033509699,0.6913838120104439,0.6360981107587047,0.4175495163519116,0.782024974373311,0.772199730094467,0.5988609602000106,low,none,accountability_driven
REP00222,0.3464076246334311,0.3915343915343915,0.4506527415143603,0.601927500033209,0.8988945186549977,0.5452641878669277,0.07813765182186239,0.4726404256098444,medium,policy_confusion|reactive_under_stress,balanced
REP00223,0.6400293255131962,0.6973544973544974,0.015665796344647487,0.6533479960899315,0.3325656379548597,0.6506541794800114,0.39379217273954126,0.47079398391045824,medium,escalation_prone|credit_leak_risk,balanced
REP00224,0.4593108504398825,0.3640211640211639,0.189556135770235,0.5259517215162375,0.4318286503915246,0.545655577299413,0.5464237516869097,0.5382612413042633,medium,escalation_prone,balanced
REP00225,0.5696480938416421,0.3604938271604937,0.666840731070496,0.5198360373284949,0.24643021649009667,0.4585937936818565,0.1863697705802969,0.523295109977076,high,credit_leak_risk|reactive_under_stress,balanced
REP00226,0.45784457478005863,0.41128747795414455,0.5524804177545692,0.5400067531507541,0.3998157531091665,0.7306905227844562,0.7213225371120109,0.48394876264081416,low,none,balanced
REP00227,0.17998533724340185,0.3072310405643738,0.3462140992167103,0.42372568221082957,0.28212805158912957,0.40048271363339866,0.46869095816464235,0.3124719531824698,medium,discovery_gap|policy_confusion|escalation_prone,balanced
REP00228,0.0029325513196481775,0.26102292768959423,0.6652741514360313,0.27378175660839854,0.35582680792261645,0.48398471717454095,0.4982456140350877,0.37458903111858183,medium,discovery_gap|policy_confusion,balanced
REP00229,0.18878299120234598,0.03527336860670183,0.4678851174934726,0.3411274401788441,0.30377706126209125,0.6491613083589602,0.6547908232118758,0.4054151572061693,medium,discovery_gap|policy_confusion|credit_leak_risk,balanced
REP00230,0.14039589442815248,0.3541446208112875,0.40939947780678854,0.273235517158121,0.20152003684937825,0.44034479545242766,0.15560053981106625,0.5202922656628108,high,policy_confusion|credit_leak_risk|reactive_under_stress,balanced
REP00231,0.6506598240469207,0.8518518518518519,0.4986945169712794,0.7929558113040359,0.6105481345002304,0.5036138290932812,0.4847503373819163,0.4617200258680778,medium,none,thorough_probe
REP00232,0.40395894428152473,0.5195767195767196,0.5744125326370757,0.4865518142670613,0.45578074619990794,0.6978091510576834,0.03184885290148454,0.3971345483948623,medium,reactive_under_stress,balanced
REP00233,0.26392961876832866,0.34391534391534384,0.5671018276762403,0.3278081347238925,0.5525103638876094,0.6862212282173143,0.5473684210526315,0.5871227467134373,medium,discovery_gap|policy_confusion,balanced
REP00234,0.8379765395894427,0.4779541446208113,0.8224543080939948,0.7684420401118011,0.6787194841087056,0.7842465753424658,0.5908232118758434,0.5777935189448999,low,none,policy_expert|accountability_driven|deescalation_strong
REP00235,0.5260263929618766,0.6758377425044091,0.4140992167101827,0.5826241743652976,0.6563795485951175,0.743576553909235,0.2072874493927126,0.5364575775546054,medium,reactive_under_stress,balanced
REP00236,0.3409090909090908,0.41093474426807763,0.6720626631853786,0.46901569653368214,0.19829571625978826,0.9045988258317026,0.4744939271255061,0.5088890063185547,low,policy_confusion|credit_leak_risk,accountability_driven
REP00237,0.31195014662756615,0.4885361552028219,0.5618798955613578,0.35794682924237353,0.4281437125748504,0.7457506290187308,0.535357624831309,0.5379722804477649,low,policy_confusion,balanced
REP00238,0.6612903225806451,0.49770723104056436,0.2360313315926894,0.6502561391746817,0.5762321510824506,0.7424983692106981,0.7026990553306343,0.45723407283267464,low,escalation_prone,balanced
REP00239,0.18511730205278584,0.3820105820105819,0.5122715404699738,0.2970617152416874,0.14624596959926306,0.5976283664150592,0.21592442645074228,0.45796633067802484,medium,policy_confusion|credit_leak_risk|reactive_under_stress,balanced
REP00240,0.7291055718475071,0.6430335097001763,1.0,0.764366268471049,0.40695532012897295,0.7517155903457273,0.5842105263157894,0.37545759125473316,low,none,accountability_driven|deescalation_strong
REP00241,0.46700879765395914,0.3671957671957671,0.30704960835509143,0.5754974710358791,0.19829571625978826,0.5252585965893207,0.5784075573549258,0.3563280190817616,medium,escalation_prone|credit_leak_risk,balanced
REP00242,0.6843841642228737,0.6144620811287478,0.27206266318537864,0.7569269608750926,0.31874712114233084,0.5997679619793124,0.5217273954116058,0.4276925434119301,medium,escalation_prone|credit_leak_risk,balanced
REP00243,0.6469941348973606,0.3742504409171076,0.8725848563968669,0.7379654927084724,0.3228926761860893,0.7845727332028702,0.5060728744939271,0.48881943762932994,low,credit_leak_risk,accountability_driven|deescalation_strong
REP00244,0.6510263929618767,0.38730158730158715,0.7315926892950392,0.6886893222469921,0.161906955320129,0.2880178920883424,0.05438596491228076,0.2723607752482869,high,credit_leak_risk|reactive_under_stress,balanced
REP00245,0.8471407624633429,0.5809523809523809,0.37441253263707575,0.856557325009982,0.0,0.6426129904016401,0.6753036437246964,0.4073418425106015,medium,credit_leak_risk,policy_expert
REP00246,0.38709677419354843,0.39894179894179893,0.37023498694516976,0.46799549607625734,0.3065407646245969,0.575608051439754,0.4913630229419703,0.44853295397959336,medium,credit_leak_risk,balanced
REP00247,0.41825513196480923,0.6465608465608466,0.666840731070496,0.6835480296115013,0.9214647627821281,0.6914388221041843,0.6226720647773281,0.38916820373711514,low,none,balanced
REP00248,0.5223607038123165,0.6070546737213404,0.7441253263707572,0.5685344686127929,0.7181022570244128,0.7554179480011183,0.8635627530364373,0.6431530536326449,low,none,accountability_driven
REP00249,0.5454545454545455,0.20705467372134034,0.5483028720626631,0.27272727272727276,0.44725932749884845,0.6622635355512069,0.47881241565452093,0.7453655124169289,medium,discovery_gap|speed_over_accuracy,balanced
REP00250,0.24303519061583584,0.3664902998236331,0.30652741514360315,0.24608460836413956,0.43965914325195765,0.5001696020874103,0.35937921727395405,0.6228971352473809,medium,policy_confusion|escalation_prone,balanced
